site,transect_num,team,taxon,class,n
1124,1,Shedd Aquarium,ACER,>4cm,0
1124,1,Shedd Aquarium,AGAR,<4cm,0
1124,1,Shedd Aquarium,AGAR,>4cm,0
1124,1,Shedd Aquarium,DSTO,>4cm,0
1124,1,Shedd Aquarium,EFAS,>4cm,0
1124,1,Shedd Aquarium,FAVI,<4cm,0
1124,1,Shedd Aquarium,FAVI,>4cm,0
1124,1,Shedd Aquarium,FFRA,>4cm,0
1124,1,Shedd Aquarium,MADR,<4cm,0
1124,1,Shedd Aquarium,MADR,>4cm,1
1124,1,Shedd Aquarium,MCAV,<4cm,0
1124,1,Shedd Aquarium,MCAV,>4cm,0
1124,1,Shedd Aquarium,MEAN,<4cm,0
1124,1,Shedd Aquarium,MMEA,>4cm,0
1124,1,Shedd Aquarium,MUSS,<4cm,0
1124,1,Shedd Aquarium,MYCE,>4cm,0
1124,1,Shedd Aquarium,ORBI,>4cm,0
1124,1,Shedd Aquarium,PORI,<4cm,0
1124,1,Shedd Aquarium,PORI,>4cm,0
1124,1,Shedd Aquarium,SCOL,>4cm,0
1124,1,Shedd Aquarium,SIDE,<4cm,7
1124,1,Shedd Aquarium,SIDE,>4cm,1
1124,1,Shedd Aquarium,SINT,<4cm,1
1124,1,Shedd Aquarium,SINT,>4cm,0
1124,1,Shedd Aquarium,SOLE,<4cm,0
1124,1,Shedd Aquarium,SOLE,>4cm,0
1124,2,Shedd Aquarium,ACER,>4cm,0
1124,2,Shedd Aquarium,AGAR,<4cm,0
1124,2,Shedd Aquarium,AGAR,>4cm,0
1124,2,Shedd Aquarium,DSTO,>4cm,0
1124,2,Shedd Aquarium,EFAS,>4cm,1
1124,2,Shedd Aquarium,FAVI,<4cm,0
1124,2,Shedd Aquarium,FAVI,>4cm,1
1124,2,Shedd Aquarium,FFRA,>4cm,0
1124,2,Shedd Aquarium,MADR,<4cm,0
1124,2,Shedd Aquarium,MADR,>4cm,0
1124,2,Shedd Aquarium,MCAV,<4cm,0
1124,2,Shedd Aquarium,MCAV,>4cm,7
1124,2,Shedd Aquarium,MEAN,<4cm,0
1124,2,Shedd Aquarium,MMEA,>4cm,1
1124,2,Shedd Aquarium,MUSS,<4cm,0
1124,2,Shedd Aquarium,MYCE,>4cm,0
1124,2,Shedd Aquarium,ORBI,>4cm,0
1124,2,Shedd Aquarium,PORI,<4cm,0
1124,2,Shedd Aquarium,PORI,>4cm,1
1124,2,Shedd Aquarium,SCOL,>4cm,0
1124,2,Shedd Aquarium,SIDE,<4cm,11
1124,2,Shedd Aquarium,SIDE,>4cm,8
1124,2,Shedd Aquarium,SINT,<4cm,1
1124,2,Shedd Aquarium,SINT,>4cm,2
1124,2,Shedd Aquarium,SOLE,<4cm,0
1124,2,Shedd Aquarium,SOLE,>4cm,1
1124,3,Shedd Aquarium,DSTO,>4cm,0
1124,3,Shedd Aquarium,FAVI,<4cm,0
1124,3,Shedd Aquarium,FAVI,>4cm,0
1124,3,Shedd Aquarium,MANG,>4cm,0
1124,3,Shedd Aquarium,MCAV,<4cm,1
1124,3,Shedd Aquarium,MEAN,<4cm,1
1124,3,Shedd Aquarium,MMEA,>4cm,0
1124,3,Shedd Aquarium,MUSS,<4cm,0
1124,3,Shedd Aquarium,MYCE,>4cm,0
1124,4,Shedd Aquarium,DSTO,>4cm,0
1124,4,Shedd Aquarium,FAVI,<4cm,0
1124,4,Shedd Aquarium,FAVI,>4cm,0
1124,4,Shedd Aquarium,MANG,>4cm,0
1124,4,Shedd Aquarium,MCAV,<4cm,1
1124,4,Shedd Aquarium,MEAN,<4cm,0
1124,4,Shedd Aquarium,MMEA,>4cm,0
1124,4,Shedd Aquarium,MUSS,<4cm,1
1124,4,Shedd Aquarium,MYCE,>4cm,0
1127,1,Shedd Aquarium,ACER,>4cm,0
1127,1,Shedd Aquarium,AGAR,<4cm,0
1127,1,Shedd Aquarium,AGAR,>4cm,0
1127,1,Shedd Aquarium,DSTO,>4cm,0
1127,1,Shedd Aquarium,EFAS,>4cm,0
1127,1,Shedd Aquarium,FAVI,<4cm,0
1127,1,Shedd Aquarium,FAVI,>4cm,0
1127,1,Shedd Aquarium,FFRA,>4cm,0
1127,1,Shedd Aquarium,MADR,<4cm,0
1127,1,Shedd Aquarium,MADR,>4cm,0
1127,1,Shedd Aquarium,MCAV,<4cm,0
1127,1,Shedd Aquarium,MCAV,>4cm,0
1127,1,Shedd Aquarium,MEAN,<4cm,0
1127,1,Shedd Aquarium,MMEA,>4cm,0
1127,1,Shedd Aquarium,MUSS,<4cm,0
1127,1,Shedd Aquarium,MYCE,>4cm,0
1127,1,Shedd Aquarium,ORBI,>4cm,0
1127,1,Shedd Aquarium,PORI,<4cm,3
1127,1,Shedd Aquarium,PORI,>4cm,4
1127,1,Shedd Aquarium,SCOL,>4cm,0
1127,1,Shedd Aquarium,SIDE,<4cm,80
1127,1,Shedd Aquarium,SIDE,>4cm,1
1127,1,Shedd Aquarium,SINT,<4cm,0
1127,1,Shedd Aquarium,SINT,>4cm,1
1127,1,Shedd Aquarium,SOLE,<4cm,0
1127,1,Shedd Aquarium,SOLE,>4cm,0
1127,2,Shedd Aquarium,ACER,>4cm,0
1127,2,Shedd Aquarium,AGAR,<4cm,0
1127,2,Shedd Aquarium,AGAR,>4cm,0
1127,2,Shedd Aquarium,DSTO,>4cm,1
1127,2,Shedd Aquarium,EFAS,>4cm,0
1127,2,Shedd Aquarium,FAVI,<4cm,0
1127,2,Shedd Aquarium,FAVI,>4cm,0
1127,2,Shedd Aquarium,FFRA,>4cm,0
1127,2,Shedd Aquarium,MADR,<4cm,0
1127,2,Shedd Aquarium,MADR,>4cm,0
1127,2,Shedd Aquarium,MCAV,<4cm,0
1127,2,Shedd Aquarium,MCAV,>4cm,0
1127,2,Shedd Aquarium,MEAN,<4cm,0
1127,2,Shedd Aquarium,MMEA,>4cm,0
1127,2,Shedd Aquarium,MUSS,<4cm,0
1127,2,Shedd Aquarium,MYCE,>4cm,0
1127,2,Shedd Aquarium,ORBI,>4cm,0
1127,2,Shedd Aquarium,PORI,<4cm,0
1127,2,Shedd Aquarium,PORI,>4cm,1
1127,2,Shedd Aquarium,SCOL,>4cm,0
1127,2,Shedd Aquarium,SIDE,<4cm,24
1127,2,Shedd Aquarium,SIDE,>4cm,1
1127,2,Shedd Aquarium,SINT,<4cm,0
1127,2,Shedd Aquarium,SINT,>4cm,0
1127,2,Shedd Aquarium,SOLE,<4cm,0
1127,2,Shedd Aquarium,SOLE,>4cm,1
1128,1,Shedd Aquarium,ACER,>4cm,0
1128,1,Shedd Aquarium,AGAR,<4cm,0
1128,1,Shedd Aquarium,AGAR,>4cm,1
1128,1,Shedd Aquarium,DSTO,>4cm,1
1128,1,Shedd Aquarium,EFAS,>4cm,0
1128,1,Shedd Aquarium,FAVI,<4cm,0
1128,1,Shedd Aquarium,FAVI,>4cm,1
1128,1,Shedd Aquarium,FFRA,>4cm,0
1128,1,Shedd Aquarium,MADR,<4cm,0
1128,1,Shedd Aquarium,MADR,>4cm,0
1128,1,Shedd Aquarium,MCAV,<4cm,0
1128,1,Shedd Aquarium,MCAV,>4cm,0
1128,1,Shedd Aquarium,MEAN,<4cm,0
1128,1,Shedd Aquarium,MMEA,>4cm,0
1128,1,Shedd Aquarium,MUSS,<4cm,0
1128,1,Shedd Aquarium,MYCE,>4cm,0
1128,1,Shedd Aquarium,ORBI,>4cm,0
1128,1,Shedd Aquarium,PORI,<4cm,1
1128,1,Shedd Aquarium,PORI,>4cm,0
1128,1,Shedd Aquarium,SCOL,>4cm,0
1128,1,Shedd Aquarium,SIDE,<4cm,37
1128,1,Shedd Aquarium,SIDE,>4cm,2
1128,1,Shedd Aquarium,SINT,<4cm,1
1128,1,Shedd Aquarium,SINT,>4cm,3
1128,1,Shedd Aquarium,SOLE,<4cm,0
1128,1,Shedd Aquarium,SOLE,>4cm,0
1128,2,Shedd Aquarium,ACER,>4cm,0
1128,2,Shedd Aquarium,AGAR,<4cm,0
1128,2,Shedd Aquarium,AGAR,>4cm,0
1128,2,Shedd Aquarium,DSTO,>4cm,1
1128,2,Shedd Aquarium,EFAS,>4cm,0
1128,2,Shedd Aquarium,FAVI,<4cm,0
1128,2,Shedd Aquarium,FAVI,>4cm,0
1128,2,Shedd Aquarium,FFRA,>4cm,0
1128,2,Shedd Aquarium,MADR,<4cm,0
1128,2,Shedd Aquarium,MADR,>4cm,0
1128,2,Shedd Aquarium,MCAV,<4cm,0
1128,2,Shedd Aquarium,MCAV,>4cm,0
1128,2,Shedd Aquarium,MEAN,<4cm,0
1128,2,Shedd Aquarium,MMEA,>4cm,0
1128,2,Shedd Aquarium,MUSS,<4cm,0
1128,2,Shedd Aquarium,MYCE,>4cm,0
1128,2,Shedd Aquarium,ORBI,>4cm,0
1128,2,Shedd Aquarium,PORI,<4cm,4
1128,2,Shedd Aquarium,PORI,>4cm,3
1128,2,Shedd Aquarium,SCOL,>4cm,0
1128,2,Shedd Aquarium,SIDE,<4cm,15
1128,2,Shedd Aquarium,SIDE,>4cm,3
1128,2,Shedd Aquarium,SINT,<4cm,0
1128,2,Shedd Aquarium,SINT,>4cm,3
1128,2,Shedd Aquarium,SOLE,<4cm,0
1128,2,Shedd Aquarium,SOLE,>4cm,1
1130,1,Shedd Aquarium,ACER,>4cm,0
1130,1,Shedd Aquarium,AGAR,<4cm,0
1130,1,Shedd Aquarium,AGAR,>4cm,0
1130,1,Shedd Aquarium,DSTO,>4cm,0
1130,1,Shedd Aquarium,EFAS,>4cm,0
1130,1,Shedd Aquarium,FAVI,<4cm,0
1130,1,Shedd Aquarium,FAVI,>4cm,1
1130,1,Shedd Aquarium,FFRA,>4cm,0
1130,1,Shedd Aquarium,MADR,<4cm,0
1130,1,Shedd Aquarium,MADR,>4cm,0
1130,1,Shedd Aquarium,MCAV,<4cm,0
1130,1,Shedd Aquarium,MCAV,>4cm,0
1130,1,Shedd Aquarium,MEAN,<4cm,0
1130,1,Shedd Aquarium,MMEA,>4cm,0
1130,1,Shedd Aquarium,MUSS,<4cm,0
1130,1,Shedd Aquarium,MYCE,>4cm,0
1130,1,Shedd Aquarium,ORBI,>4cm,0
1130,1,Shedd Aquarium,PORI,<4cm,1
1130,1,Shedd Aquarium,PORI,>4cm,2
1130,1,Shedd Aquarium,SCOL,>4cm,0
1130,1,Shedd Aquarium,SIDE,<4cm,6
1130,1,Shedd Aquarium,SIDE,>4cm,0
1130,1,Shedd Aquarium,SINT,<4cm,0
1130,1,Shedd Aquarium,SINT,>4cm,0
1130,1,Shedd Aquarium,SOLE,<4cm,0
1130,1,Shedd Aquarium,SOLE,>4cm,0
1130,2,Shedd Aquarium,ACER,>4cm,0
1130,2,Shedd Aquarium,AGAR,<4cm,0
1130,2,Shedd Aquarium,AGAR,>4cm,0
1130,2,Shedd Aquarium,DSTO,>4cm,0
1130,2,Shedd Aquarium,EFAS,>4cm,0
1130,2,Shedd Aquarium,FAVI,<4cm,0
1130,2,Shedd Aquarium,FAVI,>4cm,0
1130,2,Shedd Aquarium,FFRA,>4cm,0
1130,2,Shedd Aquarium,MADR,<4cm,0
1130,2,Shedd Aquarium,MADR,>4cm,0
1130,2,Shedd Aquarium,MCAV,<4cm,0
1130,2,Shedd Aquarium,MCAV,>4cm,1
1130,2,Shedd Aquarium,MEAN,<4cm,0
1130,2,Shedd Aquarium,MMEA,>4cm,0
1130,2,Shedd Aquarium,MUSS,<4cm,0
1130,2,Shedd Aquarium,MYCE,>4cm,0
1130,2,Shedd Aquarium,ORBI,>4cm,0
1130,2,Shedd Aquarium,PORI,<4cm,0
1130,2,Shedd Aquarium,PORI,>4cm,0
1130,2,Shedd Aquarium,SCOL,>4cm,0
1130,2,Shedd Aquarium,SIDE,<4cm,9
1130,2,Shedd Aquarium,SIDE,>4cm,1
1130,2,Shedd Aquarium,SINT,<4cm,0
1130,2,Shedd Aquarium,SINT,>4cm,1
1130,2,Shedd Aquarium,SOLE,<4cm,0
1130,2,Shedd Aquarium,SOLE,>4cm,0
1131,1,Shedd Aquarium,ACER,>4cm,0
1131,1,Shedd Aquarium,AGAR,<4cm,0
1131,1,Shedd Aquarium,AGAR,>4cm,0
1131,1,Shedd Aquarium,DSTO,>4cm,0
1131,1,Shedd Aquarium,EFAS,>4cm,0
1131,1,Shedd Aquarium,FAVI,<4cm,0
1131,1,Shedd Aquarium,FAVI,>4cm,0
1131,1,Shedd Aquarium,FFRA,>4cm,0
1131,1,Shedd Aquarium,MADR,<4cm,0
1131,1,Shedd Aquarium,MADR,>4cm,0
1131,1,Shedd Aquarium,MCAV,<4cm,1
1131,1,Shedd Aquarium,MCAV,>4cm,0
1131,1,Shedd Aquarium,MEAN,<4cm,0
1131,1,Shedd Aquarium,MMEA,>4cm,0
1131,1,Shedd Aquarium,MUSS,<4cm,0
1131,1,Shedd Aquarium,MYCE,>4cm,0
1131,1,Shedd Aquarium,ORBI,>4cm,0
1131,1,Shedd Aquarium,PORI,<4cm,0
1131,1,Shedd Aquarium,PORI,>4cm,0
1131,1,Shedd Aquarium,SCOL,>4cm,0
1131,1,Shedd Aquarium,SIDE,<4cm,13
1131,1,Shedd Aquarium,SIDE,>4cm,2
1131,1,Shedd Aquarium,SINT,<4cm,0
1131,1,Shedd Aquarium,SINT,>4cm,0
1131,1,Shedd Aquarium,SOLE,<4cm,0
1131,1,Shedd Aquarium,SOLE,>4cm,0
1131,2,Shedd Aquarium,ACER,>4cm,0
1131,2,Shedd Aquarium,AGAR,<4cm,0
1131,2,Shedd Aquarium,AGAR,>4cm,0
1131,2,Shedd Aquarium,DSTO,>4cm,0
1131,2,Shedd Aquarium,EFAS,>4cm,0
1131,2,Shedd Aquarium,FAVI,<4cm,0
1131,2,Shedd Aquarium,FAVI,>4cm,0
1131,2,Shedd Aquarium,FFRA,>4cm,0
1131,2,Shedd Aquarium,MADR,<4cm,0
1131,2,Shedd Aquarium,MADR,>4cm,0
1131,2,Shedd Aquarium,MCAV,<4cm,0
1131,2,Shedd Aquarium,MCAV,>4cm,0
1131,2,Shedd Aquarium,MEAN,<4cm,0
1131,2,Shedd Aquarium,MMEA,>4cm,0
1131,2,Shedd Aquarium,MUSS,<4cm,0
1131,2,Shedd Aquarium,MYCE,>4cm,0
1131,2,Shedd Aquarium,ORBI,>4cm,0
1131,2,Shedd Aquarium,PORI,<4cm,0
1131,2,Shedd Aquarium,PORI,>4cm,2
1131,2,Shedd Aquarium,SCOL,>4cm,0
1131,2,Shedd Aquarium,SIDE,<4cm,25
1131,2,Shedd Aquarium,SIDE,>4cm,9
1131,2,Shedd Aquarium,SINT,<4cm,0
1131,2,Shedd Aquarium,SINT,>4cm,0
1131,2,Shedd Aquarium,SOLE,<4cm,0
1131,2,Shedd Aquarium,SOLE,>4cm,0
1132,1,Shedd Aquarium,ACER,>4cm,0
1132,1,Shedd Aquarium,AGAR,<4cm,0
1132,1,Shedd Aquarium,AGAR,>4cm,0
1132,1,Shedd Aquarium,DSTO,>4cm,1
1132,1,Shedd Aquarium,EFAS,>4cm,0
1132,1,Shedd Aquarium,FAVI,<4cm,0
1132,1,Shedd Aquarium,FAVI,>4cm,0
1132,1,Shedd Aquarium,FFRA,>4cm,0
1132,1,Shedd Aquarium,MADR,<4cm,0
1132,1,Shedd Aquarium,MADR,>4cm,0
1132,1,Shedd Aquarium,MCAV,<4cm,0
1132,1,Shedd Aquarium,MCAV,>4cm,1
1132,1,Shedd Aquarium,MEAN,<4cm,0
1132,1,Shedd Aquarium,MMEA,>4cm,0
1132,1,Shedd Aquarium,MUSS,<4cm,0
1132,1,Shedd Aquarium,MYCE,>4cm,0
1132,1,Shedd Aquarium,ORBI,>4cm,0
1132,1,Shedd Aquarium,PORI,<4cm,1
1132,1,Shedd Aquarium,PORI,>4cm,3
1132,1,Shedd Aquarium,SCOL,>4cm,0
1132,1,Shedd Aquarium,SIDE,<4cm,15
1132,1,Shedd Aquarium,SIDE,>4cm,3
1132,1,Shedd Aquarium,SINT,<4cm,0
1132,1,Shedd Aquarium,SINT,>4cm,0
1132,1,Shedd Aquarium,SOLE,<4cm,0
1132,1,Shedd Aquarium,SOLE,>4cm,0
1132,2,Shedd Aquarium,ACER,>4cm,0
1132,2,Shedd Aquarium,AGAR,<4cm,0
1132,2,Shedd Aquarium,AGAR,>4cm,0
1132,2,Shedd Aquarium,DSTO,>4cm,0
1132,2,Shedd Aquarium,EFAS,>4cm,0
1132,2,Shedd Aquarium,FAVI,<4cm,0
1132,2,Shedd Aquarium,FAVI,>4cm,0
1132,2,Shedd Aquarium,FFRA,>4cm,0
1132,2,Shedd Aquarium,MADR,<4cm,0
1132,2,Shedd Aquarium,MADR,>4cm,0
1132,2,Shedd Aquarium,MCAV,<4cm,0
1132,2,Shedd Aquarium,MCAV,>4cm,0
1132,2,Shedd Aquarium,MEAN,<4cm,0
1132,2,Shedd Aquarium,MMEA,>4cm,0
1132,2,Shedd Aquarium,MUSS,<4cm,0
1132,2,Shedd Aquarium,MYCE,>4cm,0
1132,2,Shedd Aquarium,ORBI,>4cm,0
1132,2,Shedd Aquarium,PORI,<4cm,5
1132,2,Shedd Aquarium,PORI,>4cm,3
1132,2,Shedd Aquarium,SCOL,>4cm,0
1132,2,Shedd Aquarium,SIDE,<4cm,16
1132,2,Shedd Aquarium,SIDE,>4cm,3
1132,2,Shedd Aquarium,SINT,<4cm,0
1132,2,Shedd Aquarium,SINT,>4cm,1
1132,2,Shedd Aquarium,SOLE,<4cm,0
1132,2,Shedd Aquarium,SOLE,>4cm,1
1132,4,Shedd Aquarium,DSTO,>4cm,0
1132,4,Shedd Aquarium,FAVI,<4cm,0
1132,4,Shedd Aquarium,FAVI,>4cm,2
1132,4,Shedd Aquarium,MANG,>4cm,0
1132,4,Shedd Aquarium,MCAV,<4cm,0
1132,4,Shedd Aquarium,MEAN,<4cm,0
1132,4,Shedd Aquarium,MMEA,>4cm,0
1132,4,Shedd Aquarium,MUSS,<4cm,0
1132,4,Shedd Aquarium,MYCE,>4cm,0
1133,1,Shedd Aquarium,ACER,>4cm,0
1133,1,Shedd Aquarium,AGAR,<4cm,0
1133,1,Shedd Aquarium,AGAR,>4cm,0
1133,1,Shedd Aquarium,DSTO,>4cm,1
1133,1,Shedd Aquarium,EFAS,>4cm,0
1133,1,Shedd Aquarium,FAVI,<4cm,0
1133,1,Shedd Aquarium,FAVI,>4cm,0
1133,1,Shedd Aquarium,FFRA,>4cm,0
1133,1,Shedd Aquarium,MADR,<4cm,0
1133,1,Shedd Aquarium,MADR,>4cm,0
1133,1,Shedd Aquarium,MCAV,<4cm,0
1133,1,Shedd Aquarium,MCAV,>4cm,1
1133,1,Shedd Aquarium,MEAN,<4cm,0
1133,1,Shedd Aquarium,MMEA,>4cm,1
1133,1,Shedd Aquarium,MUSS,<4cm,0
1133,1,Shedd Aquarium,MYCE,>4cm,0
1133,1,Shedd Aquarium,ORBI,>4cm,2
1133,1,Shedd Aquarium,PORI,<4cm,0
1133,1,Shedd Aquarium,PORI,>4cm,5
1133,1,Shedd Aquarium,SCOL,>4cm,0
1133,1,Shedd Aquarium,SIDE,<4cm,4
1133,1,Shedd Aquarium,SIDE,>4cm,5
1133,1,Shedd Aquarium,SINT,<4cm,0
1133,1,Shedd Aquarium,SINT,>4cm,0
1133,1,Shedd Aquarium,SOLE,<4cm,0
1133,1,Shedd Aquarium,SOLE,>4cm,1
1133,2,Shedd Aquarium,ACER,>4cm,0
1133,2,Shedd Aquarium,AGAR,<4cm,0
1133,2,Shedd Aquarium,AGAR,>4cm,0
1133,2,Shedd Aquarium,DSTO,>4cm,0
1133,2,Shedd Aquarium,EFAS,>4cm,0
1133,2,Shedd Aquarium,FAVI,<4cm,0
1133,2,Shedd Aquarium,FAVI,>4cm,0
1133,2,Shedd Aquarium,FFRA,>4cm,0
1133,2,Shedd Aquarium,MADR,<4cm,0
1133,2,Shedd Aquarium,MADR,>4cm,0
1133,2,Shedd Aquarium,MCAV,<4cm,3
1133,2,Shedd Aquarium,MCAV,>4cm,4
1133,2,Shedd Aquarium,MEAN,<4cm,0
1133,2,Shedd Aquarium,MMEA,>4cm,0
1133,2,Shedd Aquarium,MUSS,<4cm,0
1133,2,Shedd Aquarium,MYCE,>4cm,0
1133,2,Shedd Aquarium,ORBI,>4cm,0
1133,2,Shedd Aquarium,PORI,<4cm,0
1133,2,Shedd Aquarium,PORI,>4cm,7
1133,2,Shedd Aquarium,SCOL,>4cm,0
1133,2,Shedd Aquarium,SIDE,<4cm,5
1133,2,Shedd Aquarium,SIDE,>4cm,5
1133,2,Shedd Aquarium,SINT,<4cm,0
1133,2,Shedd Aquarium,SINT,>4cm,3
1133,2,Shedd Aquarium,SOLE,<4cm,0
1133,2,Shedd Aquarium,SOLE,>4cm,0
1133,3,Shedd Aquarium,DSTO,>4cm,2
1133,3,Shedd Aquarium,FAVI,<4cm,1
1133,3,Shedd Aquarium,FAVI,>4cm,0
1133,3,Shedd Aquarium,MANG,>4cm,0
1133,3,Shedd Aquarium,MCAV,<4cm,0
1133,3,Shedd Aquarium,MEAN,<4cm,0
1133,3,Shedd Aquarium,MMEA,>4cm,0
1133,3,Shedd Aquarium,MUSS,<4cm,0
1133,3,Shedd Aquarium,MYCE,>4cm,0
1133,4,Shedd Aquarium,DSTO,>4cm,1
1133,4,Shedd Aquarium,FAVI,<4cm,0
1133,4,Shedd Aquarium,FAVI,>4cm,0
1133,4,Shedd Aquarium,MANG,>4cm,0
1133,4,Shedd Aquarium,MCAV,<4cm,3
1133,4,Shedd Aquarium,MEAN,<4cm,0
1133,4,Shedd Aquarium,MMEA,>4cm,0
1133,4,Shedd Aquarium,MUSS,<4cm,0
1133,4,Shedd Aquarium,MYCE,>4cm,0
1134,1,Shedd Aquarium,ACER,>4cm,0
1134,1,Shedd Aquarium,AGAR,<4cm,0
1134,1,Shedd Aquarium,AGAR,>4cm,0
1134,1,Shedd Aquarium,DSTO,>4cm,0
1134,1,Shedd Aquarium,EFAS,>4cm,0
1134,1,Shedd Aquarium,FAVI,<4cm,1
1134,1,Shedd Aquarium,FAVI,>4cm,1
1134,1,Shedd Aquarium,FFRA,>4cm,0
1134,1,Shedd Aquarium,MADR,<4cm,0
1134,1,Shedd Aquarium,MADR,>4cm,0
1134,1,Shedd Aquarium,MCAV,<4cm,0
1134,1,Shedd Aquarium,MCAV,>4cm,0
1134,1,Shedd Aquarium,MEAN,<4cm,0
1134,1,Shedd Aquarium,MMEA,>4cm,0
1134,1,Shedd Aquarium,MUSS,<4cm,0
1134,1,Shedd Aquarium,MYCE,>4cm,0
1134,1,Shedd Aquarium,ORBI,>4cm,0
1134,1,Shedd Aquarium,PORI,<4cm,0
1134,1,Shedd Aquarium,PORI,>4cm,1
1134,1,Shedd Aquarium,SCOL,>4cm,0
1134,1,Shedd Aquarium,SIDE,<4cm,6
1134,1,Shedd Aquarium,SIDE,>4cm,6
1134,1,Shedd Aquarium,SINT,<4cm,10
1134,1,Shedd Aquarium,SINT,>4cm,4
1134,1,Shedd Aquarium,SOLE,<4cm,0
1134,1,Shedd Aquarium,SOLE,>4cm,0
1134,2,Shedd Aquarium,ACER,>4cm,0
1134,2,Shedd Aquarium,AGAR,<4cm,0
1134,2,Shedd Aquarium,AGAR,>4cm,0
1134,2,Shedd Aquarium,DSTO,>4cm,0
1134,2,Shedd Aquarium,EFAS,>4cm,0
1134,2,Shedd Aquarium,FAVI,<4cm,0
1134,2,Shedd Aquarium,FAVI,>4cm,0
1134,2,Shedd Aquarium,FFRA,>4cm,0
1134,2,Shedd Aquarium,MADR,<4cm,0
1134,2,Shedd Aquarium,MADR,>4cm,0
1134,2,Shedd Aquarium,MCAV,<4cm,5
1134,2,Shedd Aquarium,MCAV,>4cm,1
1134,2,Shedd Aquarium,MEAN,<4cm,0
1134,2,Shedd Aquarium,MMEA,>4cm,0
1134,2,Shedd Aquarium,MUSS,<4cm,0
1134,2,Shedd Aquarium,MYCE,>4cm,0
1134,2,Shedd Aquarium,ORBI,>4cm,0
1134,2,Shedd Aquarium,PORI,<4cm,3
1134,2,Shedd Aquarium,PORI,>4cm,3
1134,2,Shedd Aquarium,SCOL,>4cm,0
1134,2,Shedd Aquarium,SIDE,<4cm,11
1134,2,Shedd Aquarium,SIDE,>4cm,1
1134,2,Shedd Aquarium,SINT,<4cm,0
1134,2,Shedd Aquarium,SINT,>4cm,1
1134,2,Shedd Aquarium,SOLE,<4cm,0
1134,2,Shedd Aquarium,SOLE,>4cm,0
1134,3,Shedd Aquarium,DSTO,>4cm,0
1134,3,Shedd Aquarium,FAVI,<4cm,0
1134,3,Shedd Aquarium,FAVI,>4cm,1
1134,3,Shedd Aquarium,MANG,>4cm,0
1134,3,Shedd Aquarium,MCAV,<4cm,0
1134,3,Shedd Aquarium,MEAN,<4cm,0
1134,3,Shedd Aquarium,MMEA,>4cm,0
1134,3,Shedd Aquarium,MUSS,<4cm,0
1134,3,Shedd Aquarium,MYCE,>4cm,0
1137,1,Shedd Aquarium,ACER,>4cm,0
1137,1,Shedd Aquarium,AGAR,<4cm,0
1137,1,Shedd Aquarium,AGAR,>4cm,0
1137,1,Shedd Aquarium,DSTO,>4cm,0
1137,1,Shedd Aquarium,EFAS,>4cm,0
1137,1,Shedd Aquarium,FAVI,<4cm,0
1137,1,Shedd Aquarium,FAVI,>4cm,0
1137,1,Shedd Aquarium,FFRA,>4cm,0
1137,1,Shedd Aquarium,MADR,<4cm,0
1137,1,Shedd Aquarium,MADR,>4cm,0
1137,1,Shedd Aquarium,MCAV,<4cm,0
1137,1,Shedd Aquarium,MCAV,>4cm,1
1137,1,Shedd Aquarium,MEAN,<4cm,0
1137,1,Shedd Aquarium,MMEA,>4cm,0
1137,1,Shedd Aquarium,MUSS,<4cm,0
1137,1,Shedd Aquarium,MYCE,>4cm,0
1137,1,Shedd Aquarium,ORBI,>4cm,0
1137,1,Shedd Aquarium,PORI,<4cm,2
1137,1,Shedd Aquarium,PORI,>4cm,0
1137,1,Shedd Aquarium,SCOL,>4cm,0
1137,1,Shedd Aquarium,SIDE,<4cm,43
1137,1,Shedd Aquarium,SIDE,>4cm,0
1137,1,Shedd Aquarium,SINT,<4cm,0
1137,1,Shedd Aquarium,SINT,>4cm,0
1137,1,Shedd Aquarium,SOLE,<4cm,0
1137,1,Shedd Aquarium,SOLE,>4cm,0
1137,2,Shedd Aquarium,ACER,>4cm,0
1137,2,Shedd Aquarium,AGAR,<4cm,0
1137,2,Shedd Aquarium,AGAR,>4cm,0
1137,2,Shedd Aquarium,DSTO,>4cm,0
1137,2,Shedd Aquarium,EFAS,>4cm,0
1137,2,Shedd Aquarium,FAVI,<4cm,0
1137,2,Shedd Aquarium,FAVI,>4cm,1
1137,2,Shedd Aquarium,FFRA,>4cm,0
1137,2,Shedd Aquarium,MADR,<4cm,0
1137,2,Shedd Aquarium,MADR,>4cm,0
1137,2,Shedd Aquarium,MCAV,<4cm,0
1137,2,Shedd Aquarium,MCAV,>4cm,0
1137,2,Shedd Aquarium,MEAN,<4cm,0
1137,2,Shedd Aquarium,MMEA,>4cm,0
1137,2,Shedd Aquarium,MUSS,<4cm,0
1137,2,Shedd Aquarium,MYCE,>4cm,0
1137,2,Shedd Aquarium,ORBI,>4cm,0
1137,2,Shedd Aquarium,PORI,<4cm,0
1137,2,Shedd Aquarium,PORI,>4cm,1
1137,2,Shedd Aquarium,SCOL,>4cm,0
1137,2,Shedd Aquarium,SIDE,<4cm,9
1137,2,Shedd Aquarium,SIDE,>4cm,0
1137,2,Shedd Aquarium,SINT,<4cm,0
1137,2,Shedd Aquarium,SINT,>4cm,0
1137,2,Shedd Aquarium,SOLE,<4cm,0
1137,2,Shedd Aquarium,SOLE,>4cm,1
1138,1,Shedd Aquarium,ACER,>4cm,0
1138,1,Shedd Aquarium,AGAR,<4cm,0
1138,1,Shedd Aquarium,AGAR,>4cm,0
1138,1,Shedd Aquarium,DSTO,>4cm,0
1138,1,Shedd Aquarium,EFAS,>4cm,0
1138,1,Shedd Aquarium,FAVI,<4cm,0
1138,1,Shedd Aquarium,FAVI,>4cm,1
1138,1,Shedd Aquarium,FFRA,>4cm,0
1138,1,Shedd Aquarium,MADR,<4cm,0
1138,1,Shedd Aquarium,MADR,>4cm,0
1138,1,Shedd Aquarium,MCAV,<4cm,0
1138,1,Shedd Aquarium,MCAV,>4cm,1
1138,1,Shedd Aquarium,MEAN,<4cm,0
1138,1,Shedd Aquarium,MMEA,>4cm,0
1138,1,Shedd Aquarium,MUSS,<4cm,0
1138,1,Shedd Aquarium,MYCE,>4cm,0
1138,1,Shedd Aquarium,ORBI,>4cm,0
1138,1,Shedd Aquarium,PORI,<4cm,1
1138,1,Shedd Aquarium,PORI,>4cm,0
1138,1,Shedd Aquarium,SCOL,>4cm,0
1138,1,Shedd Aquarium,SIDE,<4cm,8
1138,1,Shedd Aquarium,SIDE,>4cm,2
1138,1,Shedd Aquarium,SINT,<4cm,0
1138,1,Shedd Aquarium,SINT,>4cm,0
1138,1,Shedd Aquarium,SOLE,<4cm,0
1138,1,Shedd Aquarium,SOLE,>4cm,0
1138,2,Shedd Aquarium,ACER,>4cm,0
1138,2,Shedd Aquarium,AGAR,<4cm,0
1138,2,Shedd Aquarium,AGAR,>4cm,0
1138,2,Shedd Aquarium,DSTO,>4cm,0
1138,2,Shedd Aquarium,EFAS,>4cm,0
1138,2,Shedd Aquarium,FAVI,<4cm,0
1138,2,Shedd Aquarium,FAVI,>4cm,0
1138,2,Shedd Aquarium,FFRA,>4cm,0
1138,2,Shedd Aquarium,MADR,<4cm,0
1138,2,Shedd Aquarium,MADR,>4cm,0
1138,2,Shedd Aquarium,MCAV,<4cm,0
1138,2,Shedd Aquarium,MCAV,>4cm,0
1138,2,Shedd Aquarium,MEAN,<4cm,1
1138,2,Shedd Aquarium,MMEA,>4cm,0
1138,2,Shedd Aquarium,MUSS,<4cm,0
1138,2,Shedd Aquarium,MYCE,>4cm,0
1138,2,Shedd Aquarium,ORBI,>4cm,0
1138,2,Shedd Aquarium,PORI,<4cm,1
1138,2,Shedd Aquarium,PORI,>4cm,0
1138,2,Shedd Aquarium,SCOL,>4cm,0
1138,2,Shedd Aquarium,SIDE,<4cm,12
1138,2,Shedd Aquarium,SIDE,>4cm,0
1138,2,Shedd Aquarium,SINT,<4cm,0
1138,2,Shedd Aquarium,SINT,>4cm,0
1138,2,Shedd Aquarium,SOLE,<4cm,0
1138,2,Shedd Aquarium,SOLE,>4cm,0
1138,4,Shedd Aquarium,DSTO,>4cm,0
1138,4,Shedd Aquarium,FAVI,<4cm,0
1138,4,Shedd Aquarium,FAVI,>4cm,0
1138,4,Shedd Aquarium,MANG,>4cm,0
1138,4,Shedd Aquarium,MCAV,<4cm,1
1138,4,Shedd Aquarium,MEAN,<4cm,0
1138,4,Shedd Aquarium,MMEA,>4cm,0
1138,4,Shedd Aquarium,MUSS,<4cm,0
1138,4,Shedd Aquarium,MYCE,>4cm,0
1139,1,Shedd Aquarium,ACER,>4cm,0
1139,1,Shedd Aquarium,AGAR,<4cm,0
1139,1,Shedd Aquarium,AGAR,>4cm,0
1139,1,Shedd Aquarium,DSTO,>4cm,0
1139,1,Shedd Aquarium,EFAS,>4cm,0
1139,1,Shedd Aquarium,FAVI,<4cm,0
1139,1,Shedd Aquarium,FAVI,>4cm,0
1139,1,Shedd Aquarium,FFRA,>4cm,0
1139,1,Shedd Aquarium,MADR,<4cm,0
1139,1,Shedd Aquarium,MADR,>4cm,0
1139,1,Shedd Aquarium,MCAV,<4cm,0
1139,1,Shedd Aquarium,MCAV,>4cm,0
1139,1,Shedd Aquarium,MEAN,<4cm,0
1139,1,Shedd Aquarium,MMEA,>4cm,0
1139,1,Shedd Aquarium,MUSS,<4cm,0
1139,1,Shedd Aquarium,MYCE,>4cm,0
1139,1,Shedd Aquarium,ORBI,>4cm,0
1139,1,Shedd Aquarium,PORI,<4cm,14
1139,1,Shedd Aquarium,PORI,>4cm,6
1139,1,Shedd Aquarium,SCOL,>4cm,0
1139,1,Shedd Aquarium,SIDE,<4cm,16
1139,1,Shedd Aquarium,SIDE,>4cm,3
1139,1,Shedd Aquarium,SINT,<4cm,0
1139,1,Shedd Aquarium,SINT,>4cm,0
1139,1,Shedd Aquarium,SOLE,<4cm,0
1139,1,Shedd Aquarium,SOLE,>4cm,0
1139,2,Shedd Aquarium,ACER,>4cm,0
1139,2,Shedd Aquarium,AGAR,<4cm,0
1139,2,Shedd Aquarium,AGAR,>4cm,0
1139,2,Shedd Aquarium,DSTO,>4cm,1
1139,2,Shedd Aquarium,EFAS,>4cm,0
1139,2,Shedd Aquarium,FAVI,<4cm,0
1139,2,Shedd Aquarium,FAVI,>4cm,1
1139,2,Shedd Aquarium,FFRA,>4cm,0
1139,2,Shedd Aquarium,MADR,<4cm,0
1139,2,Shedd Aquarium,MADR,>4cm,0
1139,2,Shedd Aquarium,MCAV,<4cm,0
1139,2,Shedd Aquarium,MCAV,>4cm,1
1139,2,Shedd Aquarium,MEAN,<4cm,0
1139,2,Shedd Aquarium,MMEA,>4cm,0
1139,2,Shedd Aquarium,MUSS,<4cm,0
1139,2,Shedd Aquarium,MYCE,>4cm,0
1139,2,Shedd Aquarium,ORBI,>4cm,0
1139,2,Shedd Aquarium,PORI,<4cm,10
1139,2,Shedd Aquarium,PORI,>4cm,9
1139,2,Shedd Aquarium,SCOL,>4cm,0
1139,2,Shedd Aquarium,SIDE,<4cm,53
1139,2,Shedd Aquarium,SIDE,>4cm,0
1139,2,Shedd Aquarium,SINT,<4cm,0
1139,2,Shedd Aquarium,SINT,>4cm,1
1139,2,Shedd Aquarium,SOLE,<4cm,0
1139,2,Shedd Aquarium,SOLE,>4cm,1
1139,3,Shedd Aquarium,DSTO,>4cm,1
1139,3,Shedd Aquarium,FAVI,<4cm,0
1139,3,Shedd Aquarium,FAVI,>4cm,0
1139,3,Shedd Aquarium,MANG,>4cm,0
1139,3,Shedd Aquarium,MCAV,<4cm,0
1139,3,Shedd Aquarium,MEAN,<4cm,0
1139,3,Shedd Aquarium,MMEA,>4cm,0
1139,3,Shedd Aquarium,MUSS,<4cm,0
1139,3,Shedd Aquarium,MYCE,>4cm,0
1141,1,Shedd Aquarium,ACER,>4cm,0
1141,1,Shedd Aquarium,AGAR,<4cm,0
1141,1,Shedd Aquarium,AGAR,>4cm,0
1141,1,Shedd Aquarium,DSTO,>4cm,0
1141,1,Shedd Aquarium,EFAS,>4cm,0
1141,1,Shedd Aquarium,FAVI,<4cm,1
1141,1,Shedd Aquarium,FAVI,>4cm,3
1141,1,Shedd Aquarium,FFRA,>4cm,0
1141,1,Shedd Aquarium,MADR,<4cm,0
1141,1,Shedd Aquarium,MADR,>4cm,0
1141,1,Shedd Aquarium,MCAV,<4cm,0
1141,1,Shedd Aquarium,MCAV,>4cm,1
1141,1,Shedd Aquarium,MEAN,<4cm,0
1141,1,Shedd Aquarium,MMEA,>4cm,0
1141,1,Shedd Aquarium,MUSS,<4cm,0
1141,1,Shedd Aquarium,MYCE,>4cm,0
1141,1,Shedd Aquarium,ORBI,>4cm,0
1141,1,Shedd Aquarium,PORI,<4cm,12
1141,1,Shedd Aquarium,PORI,>4cm,13
1141,1,Shedd Aquarium,SCOL,>4cm,0
1141,1,Shedd Aquarium,SIDE,<4cm,12
1141,1,Shedd Aquarium,SIDE,>4cm,4
1141,1,Shedd Aquarium,SINT,<4cm,0
1141,1,Shedd Aquarium,SINT,>4cm,0
1141,1,Shedd Aquarium,SOLE,<4cm,0
1141,1,Shedd Aquarium,SOLE,>4cm,0
1141,2,Shedd Aquarium,ACER,>4cm,0
1141,2,Shedd Aquarium,AGAR,<4cm,0
1141,2,Shedd Aquarium,AGAR,>4cm,0
1141,2,Shedd Aquarium,DSTO,>4cm,0
1141,2,Shedd Aquarium,EFAS,>4cm,0
1141,2,Shedd Aquarium,FAVI,<4cm,0
1141,2,Shedd Aquarium,FAVI,>4cm,1
1141,2,Shedd Aquarium,FFRA,>4cm,0
1141,2,Shedd Aquarium,MADR,<4cm,0
1141,2,Shedd Aquarium,MADR,>4cm,0
1141,2,Shedd Aquarium,MCAV,<4cm,0
1141,2,Shedd Aquarium,MCAV,>4cm,2
1141,2,Shedd Aquarium,MEAN,<4cm,0
1141,2,Shedd Aquarium,MMEA,>4cm,0
1141,2,Shedd Aquarium,MUSS,<4cm,0
1141,2,Shedd Aquarium,MYCE,>4cm,0
1141,2,Shedd Aquarium,ORBI,>4cm,0
1141,2,Shedd Aquarium,PORI,<4cm,4
1141,2,Shedd Aquarium,PORI,>4cm,5
1141,2,Shedd Aquarium,SCOL,>4cm,0
1141,2,Shedd Aquarium,SIDE,<4cm,4
1141,2,Shedd Aquarium,SIDE,>4cm,0
1141,2,Shedd Aquarium,SINT,<4cm,3
1141,2,Shedd Aquarium,SINT,>4cm,0
1141,2,Shedd Aquarium,SOLE,<4cm,0
1141,2,Shedd Aquarium,SOLE,>4cm,0
1141,3,Shedd Aquarium,DSTO,>4cm,0
1141,3,Shedd Aquarium,FAVI,<4cm,1
1141,3,Shedd Aquarium,FAVI,>4cm,2
1141,3,Shedd Aquarium,MANG,>4cm,0
1141,3,Shedd Aquarium,MCAV,<4cm,0
1141,3,Shedd Aquarium,MEAN,<4cm,0
1141,3,Shedd Aquarium,MMEA,>4cm,0
1141,3,Shedd Aquarium,MUSS,<4cm,0
1141,3,Shedd Aquarium,MYCE,>4cm,0
2111,1,Shedd Aquarium,ACER,>4cm,0
2111,1,Shedd Aquarium,AGAR,<4cm,0
2111,1,Shedd Aquarium,AGAR,>4cm,0
2111,1,Shedd Aquarium,DSTO,>4cm,0
2111,1,Shedd Aquarium,EFAS,>4cm,0
2111,1,Shedd Aquarium,FAVI,<4cm,0
2111,1,Shedd Aquarium,FAVI,>4cm,0
2111,1,Shedd Aquarium,FFRA,>4cm,0
2111,1,Shedd Aquarium,MADR,<4cm,0
2111,1,Shedd Aquarium,MADR,>4cm,0
2111,1,Shedd Aquarium,MCAV,<4cm,0
2111,1,Shedd Aquarium,MCAV,>4cm,0
2111,1,Shedd Aquarium,MEAN,<4cm,0
2111,1,Shedd Aquarium,MMEA,>4cm,0
2111,1,Shedd Aquarium,MUSS,<4cm,0
2111,1,Shedd Aquarium,MYCE,>4cm,0
2111,1,Shedd Aquarium,ORBI,>4cm,0
2111,1,Shedd Aquarium,PORI,<4cm,18
2111,1,Shedd Aquarium,PORI,>4cm,10
2111,1,Shedd Aquarium,SCOL,>4cm,0
2111,1,Shedd Aquarium,SIDE,<4cm,45
2111,1,Shedd Aquarium,SIDE,>4cm,0
2111,1,Shedd Aquarium,SINT,<4cm,0
2111,1,Shedd Aquarium,SINT,>4cm,0
2111,1,Shedd Aquarium,SOLE,<4cm,0
2111,1,Shedd Aquarium,SOLE,>4cm,0
2111,2,Shedd Aquarium,ACER,>4cm,0
2111,2,Shedd Aquarium,AGAR,<4cm,0
2111,2,Shedd Aquarium,AGAR,>4cm,0
2111,2,Shedd Aquarium,DSTO,>4cm,0
2111,2,Shedd Aquarium,EFAS,>4cm,0
2111,2,Shedd Aquarium,FAVI,<4cm,0
2111,2,Shedd Aquarium,FAVI,>4cm,0
2111,2,Shedd Aquarium,FFRA,>4cm,0
2111,2,Shedd Aquarium,MADR,<4cm,0
2111,2,Shedd Aquarium,MADR,>4cm,0
2111,2,Shedd Aquarium,MCAV,<4cm,0
2111,2,Shedd Aquarium,MCAV,>4cm,0
2111,2,Shedd Aquarium,MEAN,<4cm,0
2111,2,Shedd Aquarium,MMEA,>4cm,0
2111,2,Shedd Aquarium,MUSS,<4cm,0
2111,2,Shedd Aquarium,MYCE,>4cm,0
2111,2,Shedd Aquarium,ORBI,>4cm,0
2111,2,Shedd Aquarium,PORI,<4cm,9
2111,2,Shedd Aquarium,PORI,>4cm,9
2111,2,Shedd Aquarium,SCOL,>4cm,0
2111,2,Shedd Aquarium,SIDE,<4cm,29
2111,2,Shedd Aquarium,SIDE,>4cm,0
2111,2,Shedd Aquarium,SINT,<4cm,0
2111,2,Shedd Aquarium,SINT,>4cm,0
2111,2,Shedd Aquarium,SOLE,<4cm,0
2111,2,Shedd Aquarium,SOLE,>4cm,0
2112,1,Shedd Aquarium,ACER,>4cm,0
2112,1,Shedd Aquarium,AGAR,<4cm,0
2112,1,Shedd Aquarium,AGAR,>4cm,1
2112,1,Shedd Aquarium,DSTO,>4cm,1
2112,1,Shedd Aquarium,EFAS,>4cm,0
2112,1,Shedd Aquarium,FAVI,<4cm,0
2112,1,Shedd Aquarium,FAVI,>4cm,1
2112,1,Shedd Aquarium,FFRA,>4cm,0
2112,1,Shedd Aquarium,MADR,<4cm,0
2112,1,Shedd Aquarium,MADR,>4cm,0
2112,1,Shedd Aquarium,MCAV,<4cm,0
2112,1,Shedd Aquarium,MCAV,>4cm,1
2112,1,Shedd Aquarium,MEAN,<4cm,0
2112,1,Shedd Aquarium,MMEA,>4cm,0
2112,1,Shedd Aquarium,MUSS,<4cm,0
2112,1,Shedd Aquarium,MYCE,>4cm,0
2112,1,Shedd Aquarium,ORBI,>4cm,0
2112,1,Shedd Aquarium,PORI,<4cm,2
2112,1,Shedd Aquarium,PORI,>4cm,9
2112,1,Shedd Aquarium,SCOL,>4cm,0
2112,1,Shedd Aquarium,SIDE,<4cm,17
2112,1,Shedd Aquarium,SIDE,>4cm,3
2112,1,Shedd Aquarium,SINT,<4cm,0
2112,1,Shedd Aquarium,SINT,>4cm,0
2112,1,Shedd Aquarium,SOLE,<4cm,0
2112,1,Shedd Aquarium,SOLE,>4cm,0
2112,2,Shedd Aquarium,ACER,>4cm,0
2112,2,Shedd Aquarium,AGAR,<4cm,0
2112,2,Shedd Aquarium,AGAR,>4cm,0
2112,2,Shedd Aquarium,DSTO,>4cm,1
2112,2,Shedd Aquarium,EFAS,>4cm,0
2112,2,Shedd Aquarium,FAVI,<4cm,0
2112,2,Shedd Aquarium,FAVI,>4cm,1
2112,2,Shedd Aquarium,FFRA,>4cm,0
2112,2,Shedd Aquarium,MADR,<4cm,0
2112,2,Shedd Aquarium,MADR,>4cm,0
2112,2,Shedd Aquarium,MCAV,<4cm,0
2112,2,Shedd Aquarium,MCAV,>4cm,0
2112,2,Shedd Aquarium,MEAN,<4cm,0
2112,2,Shedd Aquarium,MMEA,>4cm,0
2112,2,Shedd Aquarium,MUSS,<4cm,0
2112,2,Shedd Aquarium,MYCE,>4cm,0
2112,2,Shedd Aquarium,ORBI,>4cm,0
2112,2,Shedd Aquarium,PORI,<4cm,1
2112,2,Shedd Aquarium,PORI,>4cm,6
2112,2,Shedd Aquarium,SCOL,>4cm,0
2112,2,Shedd Aquarium,SIDE,<4cm,22
2112,2,Shedd Aquarium,SIDE,>4cm,6
2112,2,Shedd Aquarium,SINT,<4cm,0
2112,2,Shedd Aquarium,SINT,>4cm,1
2112,2,Shedd Aquarium,SOLE,<4cm,0
2112,2,Shedd Aquarium,SOLE,>4cm,0
2112,3,Shedd Aquarium,DSTO,>4cm,0
2112,3,Shedd Aquarium,FAVI,<4cm,0
2112,3,Shedd Aquarium,FAVI,>4cm,1
2112,3,Shedd Aquarium,MANG,>4cm,0
2112,3,Shedd Aquarium,MCAV,<4cm,2
2112,3,Shedd Aquarium,MEAN,<4cm,0
2112,3,Shedd Aquarium,MMEA,>4cm,1
2112,3,Shedd Aquarium,MUSS,<4cm,0
2112,3,Shedd Aquarium,MYCE,>4cm,0
2115,1,Shedd Aquarium,ACER,>4cm,0
2115,1,Shedd Aquarium,AGAR,<4cm,0
2115,1,Shedd Aquarium,AGAR,>4cm,0
2115,1,Shedd Aquarium,DSTO,>4cm,0
2115,1,Shedd Aquarium,EFAS,>4cm,0
2115,1,Shedd Aquarium,FAVI,<4cm,0
2115,1,Shedd Aquarium,FAVI,>4cm,1
2115,1,Shedd Aquarium,FFRA,>4cm,0
2115,1,Shedd Aquarium,MADR,<4cm,0
2115,1,Shedd Aquarium,MADR,>4cm,0
2115,1,Shedd Aquarium,MCAV,<4cm,4
2115,1,Shedd Aquarium,MCAV,>4cm,2
2115,1,Shedd Aquarium,MEAN,<4cm,0
2115,1,Shedd Aquarium,MMEA,>4cm,0
2115,1,Shedd Aquarium,MUSS,<4cm,0
2115,1,Shedd Aquarium,MYCE,>4cm,0
2115,1,Shedd Aquarium,ORBI,>4cm,0
2115,1,Shedd Aquarium,PORI,<4cm,4
2115,1,Shedd Aquarium,PORI,>4cm,7
2115,1,Shedd Aquarium,SCOL,>4cm,0
2115,1,Shedd Aquarium,SIDE,<4cm,5
2115,1,Shedd Aquarium,SIDE,>4cm,3
2115,1,Shedd Aquarium,SINT,<4cm,0
2115,1,Shedd Aquarium,SINT,>4cm,1
2115,1,Shedd Aquarium,SOLE,<4cm,0
2115,1,Shedd Aquarium,SOLE,>4cm,0
2115,2,Shedd Aquarium,ACER,>4cm,0
2115,2,Shedd Aquarium,AGAR,<4cm,0
2115,2,Shedd Aquarium,AGAR,>4cm,2
2115,2,Shedd Aquarium,DSTO,>4cm,0
2115,2,Shedd Aquarium,EFAS,>4cm,0
2115,2,Shedd Aquarium,FAVI,<4cm,0
2115,2,Shedd Aquarium,FAVI,>4cm,1
2115,2,Shedd Aquarium,FFRA,>4cm,0
2115,2,Shedd Aquarium,MADR,<4cm,0
2115,2,Shedd Aquarium,MADR,>4cm,0
2115,2,Shedd Aquarium,MCAV,<4cm,1
2115,2,Shedd Aquarium,MCAV,>4cm,1
2115,2,Shedd Aquarium,MEAN,<4cm,0
2115,2,Shedd Aquarium,MMEA,>4cm,1
2115,2,Shedd Aquarium,MUSS,<4cm,0
2115,2,Shedd Aquarium,MYCE,>4cm,0
2115,2,Shedd Aquarium,ORBI,>4cm,1
2115,2,Shedd Aquarium,PORI,<4cm,7
2115,2,Shedd Aquarium,PORI,>4cm,11
2115,2,Shedd Aquarium,SCOL,>4cm,0
2115,2,Shedd Aquarium,SIDE,<4cm,7
2115,2,Shedd Aquarium,SIDE,>4cm,4
2115,2,Shedd Aquarium,SINT,<4cm,0
2115,2,Shedd Aquarium,SINT,>4cm,4
2115,2,Shedd Aquarium,SOLE,<4cm,0
2115,2,Shedd Aquarium,SOLE,>4cm,0
2115,3,Shedd Aquarium,DSTO,>4cm,1
2115,3,Shedd Aquarium,FAVI,<4cm,0
2115,3,Shedd Aquarium,FAVI,>4cm,0
2115,3,Shedd Aquarium,MANG,>4cm,0
2115,3,Shedd Aquarium,MCAV,<4cm,0
2115,3,Shedd Aquarium,MEAN,<4cm,0
2115,3,Shedd Aquarium,MMEA,>4cm,0
2115,3,Shedd Aquarium,MUSS,<4cm,0
2115,3,Shedd Aquarium,MYCE,>4cm,0
2116,1,Shedd Aquarium,ACER,>4cm,0
2116,1,Shedd Aquarium,AGAR,<4cm,0
2116,1,Shedd Aquarium,AGAR,>4cm,0
2116,1,Shedd Aquarium,DSTO,>4cm,0
2116,1,Shedd Aquarium,EFAS,>4cm,0
2116,1,Shedd Aquarium,FAVI,<4cm,0
2116,1,Shedd Aquarium,FAVI,>4cm,0
2116,1,Shedd Aquarium,FFRA,>4cm,0
2116,1,Shedd Aquarium,MADR,<4cm,0
2116,1,Shedd Aquarium,MADR,>4cm,0
2116,1,Shedd Aquarium,MCAV,<4cm,0
2116,1,Shedd Aquarium,MCAV,>4cm,2
2116,1,Shedd Aquarium,MEAN,<4cm,0
2116,1,Shedd Aquarium,MMEA,>4cm,0
2116,1,Shedd Aquarium,MUSS,<4cm,0
2116,1,Shedd Aquarium,MYCE,>4cm,0
2116,1,Shedd Aquarium,ORBI,>4cm,0
2116,1,Shedd Aquarium,PORI,<4cm,0
2116,1,Shedd Aquarium,PORI,>4cm,1
2116,1,Shedd Aquarium,SCOL,>4cm,0
2116,1,Shedd Aquarium,SIDE,<4cm,11
2116,1,Shedd Aquarium,SIDE,>4cm,2
2116,1,Shedd Aquarium,SINT,<4cm,0
2116,1,Shedd Aquarium,SINT,>4cm,1
2116,1,Shedd Aquarium,SOLE,<4cm,0
2116,1,Shedd Aquarium,SOLE,>4cm,0
2116,2,Shedd Aquarium,ACER,>4cm,0
2116,2,Shedd Aquarium,AGAR,<4cm,0
2116,2,Shedd Aquarium,AGAR,>4cm,0
2116,2,Shedd Aquarium,DSTO,>4cm,0
2116,2,Shedd Aquarium,EFAS,>4cm,0
2116,2,Shedd Aquarium,FAVI,<4cm,0
2116,2,Shedd Aquarium,FAVI,>4cm,0
2116,2,Shedd Aquarium,FFRA,>4cm,0
2116,2,Shedd Aquarium,MADR,<4cm,0
2116,2,Shedd Aquarium,MADR,>4cm,0
2116,2,Shedd Aquarium,MCAV,<4cm,1
2116,2,Shedd Aquarium,MCAV,>4cm,2
2116,2,Shedd Aquarium,MEAN,<4cm,0
2116,2,Shedd Aquarium,MMEA,>4cm,0
2116,2,Shedd Aquarium,MUSS,<4cm,0
2116,2,Shedd Aquarium,MYCE,>4cm,0
2116,2,Shedd Aquarium,ORBI,>4cm,0
2116,2,Shedd Aquarium,PORI,<4cm,0
2116,2,Shedd Aquarium,PORI,>4cm,7
2116,2,Shedd Aquarium,SCOL,>4cm,0
2116,2,Shedd Aquarium,SIDE,<4cm,0
2116,2,Shedd Aquarium,SIDE,>4cm,2
2116,2,Shedd Aquarium,SINT,<4cm,0
2116,2,Shedd Aquarium,SINT,>4cm,0
2116,2,Shedd Aquarium,SOLE,<4cm,0
2116,2,Shedd Aquarium,SOLE,>4cm,0
2116,3,Shedd Aquarium,DSTO,>4cm,0
2116,3,Shedd Aquarium,FAVI,<4cm,0
2116,3,Shedd Aquarium,FAVI,>4cm,0
2116,3,Shedd Aquarium,MANG,>4cm,0
2116,3,Shedd Aquarium,MCAV,<4cm,1
2116,3,Shedd Aquarium,MEAN,<4cm,0
2116,3,Shedd Aquarium,MMEA,>4cm,0
2116,3,Shedd Aquarium,MUSS,<4cm,0
2116,3,Shedd Aquarium,MYCE,>4cm,0
2117,1,Shedd Aquarium,ACER,>4cm,0
2117,1,Shedd Aquarium,AGAR,<4cm,0
2117,1,Shedd Aquarium,AGAR,>4cm,0
2117,1,Shedd Aquarium,DSTO,>4cm,0
2117,1,Shedd Aquarium,EFAS,>4cm,0
2117,1,Shedd Aquarium,FAVI,<4cm,0
2117,1,Shedd Aquarium,FAVI,>4cm,0
2117,1,Shedd Aquarium,FFRA,>4cm,0
2117,1,Shedd Aquarium,MADR,<4cm,0
2117,1,Shedd Aquarium,MADR,>4cm,0
2117,1,Shedd Aquarium,MCAV,<4cm,0
2117,1,Shedd Aquarium,MCAV,>4cm,1
2117,1,Shedd Aquarium,MEAN,<4cm,0
2117,1,Shedd Aquarium,MMEA,>4cm,0
2117,1,Shedd Aquarium,MUSS,<4cm,0
2117,1,Shedd Aquarium,MYCE,>4cm,0
2117,1,Shedd Aquarium,ORBI,>4cm,0
2117,1,Shedd Aquarium,PORI,<4cm,8
2117,1,Shedd Aquarium,PORI,>4cm,6
2117,1,Shedd Aquarium,SCOL,>4cm,0
2117,1,Shedd Aquarium,SIDE,<4cm,42
2117,1,Shedd Aquarium,SIDE,>4cm,0
2117,1,Shedd Aquarium,SINT,<4cm,0
2117,1,Shedd Aquarium,SINT,>4cm,0
2117,1,Shedd Aquarium,SOLE,<4cm,0
2117,1,Shedd Aquarium,SOLE,>4cm,0
2117,2,Shedd Aquarium,ACER,>4cm,0
2117,2,Shedd Aquarium,AGAR,<4cm,0
2117,2,Shedd Aquarium,AGAR,>4cm,0
2117,2,Shedd Aquarium,DSTO,>4cm,0
2117,2,Shedd Aquarium,EFAS,>4cm,0
2117,2,Shedd Aquarium,FAVI,<4cm,0
2117,2,Shedd Aquarium,FAVI,>4cm,0
2117,2,Shedd Aquarium,FFRA,>4cm,0
2117,2,Shedd Aquarium,MADR,<4cm,0
2117,2,Shedd Aquarium,MADR,>4cm,0
2117,2,Shedd Aquarium,MCAV,<4cm,0
2117,2,Shedd Aquarium,MCAV,>4cm,1
2117,2,Shedd Aquarium,MEAN,<4cm,0
2117,2,Shedd Aquarium,MMEA,>4cm,0
2117,2,Shedd Aquarium,MUSS,<4cm,0
2117,2,Shedd Aquarium,MYCE,>4cm,0
2117,2,Shedd Aquarium,ORBI,>4cm,0
2117,2,Shedd Aquarium,PORI,<4cm,0
2117,2,Shedd Aquarium,PORI,>4cm,1
2117,2,Shedd Aquarium,SCOL,>4cm,0
2117,2,Shedd Aquarium,SIDE,<4cm,1
2117,2,Shedd Aquarium,SIDE,>4cm,0
2117,2,Shedd Aquarium,SINT,<4cm,0
2117,2,Shedd Aquarium,SINT,>4cm,0
2117,2,Shedd Aquarium,SOLE,<4cm,0
2117,2,Shedd Aquarium,SOLE,>4cm,0
2117,3,Shedd Aquarium,DSTO,>4cm,0
2117,3,Shedd Aquarium,FAVI,<4cm,0
2117,3,Shedd Aquarium,FAVI,>4cm,1
2117,3,Shedd Aquarium,MANG,>4cm,0
2117,3,Shedd Aquarium,MCAV,<4cm,0
2117,3,Shedd Aquarium,MEAN,<4cm,0
2117,3,Shedd Aquarium,MMEA,>4cm,0
2117,3,Shedd Aquarium,MUSS,<4cm,0
2117,3,Shedd Aquarium,MYCE,>4cm,0
2120,1,Shedd Aquarium,ACER,>4cm,0
2120,1,Shedd Aquarium,AGAR,<4cm,0
2120,1,Shedd Aquarium,AGAR,>4cm,0
2120,1,Shedd Aquarium,DSTO,>4cm,0
2120,1,Shedd Aquarium,EFAS,>4cm,0
2120,1,Shedd Aquarium,FAVI,<4cm,0
2120,1,Shedd Aquarium,FAVI,>4cm,0
2120,1,Shedd Aquarium,FFRA,>4cm,0
2120,1,Shedd Aquarium,MADR,<4cm,0
2120,1,Shedd Aquarium,MADR,>4cm,0
2120,1,Shedd Aquarium,MCAV,<4cm,1
2120,1,Shedd Aquarium,MCAV,>4cm,1
2120,1,Shedd Aquarium,MEAN,<4cm,0
2120,1,Shedd Aquarium,MMEA,>4cm,0
2120,1,Shedd Aquarium,MUSS,<4cm,0
2120,1,Shedd Aquarium,MYCE,>4cm,0
2120,1,Shedd Aquarium,ORBI,>4cm,0
2120,1,Shedd Aquarium,PORI,<4cm,2
2120,1,Shedd Aquarium,PORI,>4cm,1
2120,1,Shedd Aquarium,SCOL,>4cm,0
2120,1,Shedd Aquarium,SIDE,<4cm,5
2120,1,Shedd Aquarium,SIDE,>4cm,2
2120,1,Shedd Aquarium,SINT,<4cm,2
2120,1,Shedd Aquarium,SINT,>4cm,0
2120,1,Shedd Aquarium,SOLE,<4cm,0
2120,1,Shedd Aquarium,SOLE,>4cm,0
2120,2,Shedd Aquarium,ACER,>4cm,0
2120,2,Shedd Aquarium,AGAR,<4cm,0
2120,2,Shedd Aquarium,AGAR,>4cm,0
2120,2,Shedd Aquarium,DSTO,>4cm,0
2120,2,Shedd Aquarium,EFAS,>4cm,0
2120,2,Shedd Aquarium,FAVI,<4cm,0
2120,2,Shedd Aquarium,FAVI,>4cm,0
2120,2,Shedd Aquarium,FFRA,>4cm,0
2120,2,Shedd Aquarium,MADR,<4cm,0
2120,2,Shedd Aquarium,MADR,>4cm,0
2120,2,Shedd Aquarium,MCAV,<4cm,3
2120,2,Shedd Aquarium,MCAV,>4cm,0
2120,2,Shedd Aquarium,MEAN,<4cm,0
2120,2,Shedd Aquarium,MMEA,>4cm,0
2120,2,Shedd Aquarium,MUSS,<4cm,0
2120,2,Shedd Aquarium,MYCE,>4cm,0
2120,2,Shedd Aquarium,ORBI,>4cm,0
2120,2,Shedd Aquarium,PORI,<4cm,0
2120,2,Shedd Aquarium,PORI,>4cm,4
2120,2,Shedd Aquarium,SCOL,>4cm,0
2120,2,Shedd Aquarium,SIDE,<4cm,3
2120,2,Shedd Aquarium,SIDE,>4cm,1
2120,2,Shedd Aquarium,SINT,<4cm,0
2120,2,Shedd Aquarium,SINT,>4cm,0
2120,2,Shedd Aquarium,SOLE,<4cm,0
2120,2,Shedd Aquarium,SOLE,>4cm,0
3068,1,Shedd Aquarium,ACER,>4cm,0
3068,1,Shedd Aquarium,AGAR,<4cm,0
3068,1,Shedd Aquarium,AGAR,>4cm,0
3068,1,Shedd Aquarium,DSTO,>4cm,0
3068,1,Shedd Aquarium,EFAS,>4cm,0
3068,1,Shedd Aquarium,FAVI,<4cm,0
3068,1,Shedd Aquarium,FAVI,>4cm,1
3068,1,Shedd Aquarium,FFRA,>4cm,0
3068,1,Shedd Aquarium,MADR,<4cm,0
3068,1,Shedd Aquarium,MADR,>4cm,0
3068,1,Shedd Aquarium,MCAV,<4cm,0
3068,1,Shedd Aquarium,MCAV,>4cm,0
3068,1,Shedd Aquarium,MEAN,<4cm,0
3068,1,Shedd Aquarium,MMEA,>4cm,0
3068,1,Shedd Aquarium,MUSS,<4cm,0
3068,1,Shedd Aquarium,MYCE,>4cm,0
3068,1,Shedd Aquarium,ORBI,>4cm,0
3068,1,Shedd Aquarium,PORI,<4cm,0
3068,1,Shedd Aquarium,PORI,>4cm,0
3068,1,Shedd Aquarium,SCOL,>4cm,0
3068,1,Shedd Aquarium,SIDE,<4cm,32
3068,1,Shedd Aquarium,SIDE,>4cm,4
3068,1,Shedd Aquarium,SINT,<4cm,4
3068,1,Shedd Aquarium,SINT,>4cm,1
3068,1,Shedd Aquarium,SOLE,<4cm,0
3068,1,Shedd Aquarium,SOLE,>4cm,2
3068,2,Shedd Aquarium,ACER,>4cm,0
3068,2,Shedd Aquarium,AGAR,<4cm,0
3068,2,Shedd Aquarium,AGAR,>4cm,0
3068,2,Shedd Aquarium,DSTO,>4cm,0
3068,2,Shedd Aquarium,EFAS,>4cm,0
3068,2,Shedd Aquarium,FAVI,<4cm,0
3068,2,Shedd Aquarium,FAVI,>4cm,0
3068,2,Shedd Aquarium,FFRA,>4cm,0
3068,2,Shedd Aquarium,MADR,<4cm,0
3068,2,Shedd Aquarium,MADR,>4cm,0
3068,2,Shedd Aquarium,MCAV,<4cm,0
3068,2,Shedd Aquarium,MCAV,>4cm,0
3068,2,Shedd Aquarium,MEAN,<4cm,0
3068,2,Shedd Aquarium,MMEA,>4cm,0
3068,2,Shedd Aquarium,MUSS,<4cm,0
3068,2,Shedd Aquarium,MYCE,>4cm,0
3068,2,Shedd Aquarium,ORBI,>4cm,0
3068,2,Shedd Aquarium,PORI,<4cm,0
3068,2,Shedd Aquarium,PORI,>4cm,0
3068,2,Shedd Aquarium,SCOL,>4cm,0
3068,2,Shedd Aquarium,SIDE,<4cm,22
3068,2,Shedd Aquarium,SIDE,>4cm,1
3068,2,Shedd Aquarium,SINT,<4cm,0
3068,2,Shedd Aquarium,SINT,>4cm,0
3068,2,Shedd Aquarium,SOLE,<4cm,0
3068,2,Shedd Aquarium,SOLE,>4cm,1
3068,3,Shedd Aquarium,DSTO,>4cm,0
3068,3,Shedd Aquarium,FAVI,<4cm,0
3068,3,Shedd Aquarium,FAVI,>4cm,1
3068,3,Shedd Aquarium,MANG,>4cm,0
3068,3,Shedd Aquarium,MCAV,<4cm,0
3068,3,Shedd Aquarium,MEAN,<4cm,0
3068,3,Shedd Aquarium,MMEA,>4cm,0
3068,3,Shedd Aquarium,MUSS,<4cm,0
3068,3,Shedd Aquarium,MYCE,>4cm,0
3069,1,Shedd Aquarium,ACER,>4cm,0
3069,1,Shedd Aquarium,AGAR,<4cm,0
3069,1,Shedd Aquarium,AGAR,>4cm,0
3069,1,Shedd Aquarium,DSTO,>4cm,0
3069,1,Shedd Aquarium,EFAS,>4cm,0
3069,1,Shedd Aquarium,FAVI,<4cm,0
3069,1,Shedd Aquarium,FAVI,>4cm,1
3069,1,Shedd Aquarium,FFRA,>4cm,0
3069,1,Shedd Aquarium,MADR,<4cm,0
3069,1,Shedd Aquarium,MADR,>4cm,0
3069,1,Shedd Aquarium,MCAV,<4cm,0
3069,1,Shedd Aquarium,MCAV,>4cm,0
3069,1,Shedd Aquarium,MEAN,<4cm,0
3069,1,Shedd Aquarium,MMEA,>4cm,0
3069,1,Shedd Aquarium,MUSS,<4cm,0
3069,1,Shedd Aquarium,MYCE,>4cm,0
3069,1,Shedd Aquarium,ORBI,>4cm,0
3069,1,Shedd Aquarium,PORI,<4cm,0
3069,1,Shedd Aquarium,PORI,>4cm,0
3069,1,Shedd Aquarium,SCOL,>4cm,0
3069,1,Shedd Aquarium,SIDE,<4cm,27
3069,1,Shedd Aquarium,SIDE,>4cm,0
3069,1,Shedd Aquarium,SINT,<4cm,0
3069,1,Shedd Aquarium,SINT,>4cm,0
3069,1,Shedd Aquarium,SOLE,<4cm,0
3069,1,Shedd Aquarium,SOLE,>4cm,0
3069,2,Shedd Aquarium,ACER,>4cm,0
3069,2,Shedd Aquarium,AGAR,<4cm,0
3069,2,Shedd Aquarium,AGAR,>4cm,0
3069,2,Shedd Aquarium,DSTO,>4cm,0
3069,2,Shedd Aquarium,EFAS,>4cm,0
3069,2,Shedd Aquarium,FAVI,<4cm,0
3069,2,Shedd Aquarium,FAVI,>4cm,1
3069,2,Shedd Aquarium,FFRA,>4cm,0
3069,2,Shedd Aquarium,MADR,<4cm,0
3069,2,Shedd Aquarium,MADR,>4cm,0
3069,2,Shedd Aquarium,MCAV,<4cm,0
3069,2,Shedd Aquarium,MCAV,>4cm,0
3069,2,Shedd Aquarium,MEAN,<4cm,0
3069,2,Shedd Aquarium,MMEA,>4cm,0
3069,2,Shedd Aquarium,MUSS,<4cm,0
3069,2,Shedd Aquarium,MYCE,>4cm,0
3069,2,Shedd Aquarium,ORBI,>4cm,0
3069,2,Shedd Aquarium,PORI,<4cm,0
3069,2,Shedd Aquarium,PORI,>4cm,1
3069,2,Shedd Aquarium,SCOL,>4cm,0
3069,2,Shedd Aquarium,SIDE,<4cm,30
3069,2,Shedd Aquarium,SIDE,>4cm,2
3069,2,Shedd Aquarium,SINT,<4cm,0
3069,2,Shedd Aquarium,SINT,>4cm,0
3069,2,Shedd Aquarium,SOLE,<4cm,0
3069,2,Shedd Aquarium,SOLE,>4cm,0
3069,3,Shedd Aquarium,DSTO,>4cm,0
3069,3,Shedd Aquarium,FAVI,<4cm,0
3069,3,Shedd Aquarium,FAVI,>4cm,1
3069,3,Shedd Aquarium,MANG,>4cm,0
3069,3,Shedd Aquarium,MCAV,<4cm,0
3069,3,Shedd Aquarium,MEAN,<4cm,0
3069,3,Shedd Aquarium,MMEA,>4cm,0
3069,3,Shedd Aquarium,MUSS,<4cm,0
3069,3,Shedd Aquarium,MYCE,>4cm,0
3070,1,Shedd Aquarium,ACER,>4cm,0
3070,1,Shedd Aquarium,AGAR,<4cm,0
3070,1,Shedd Aquarium,AGAR,>4cm,0
3070,1,Shedd Aquarium,DSTO,>4cm,0
3070,1,Shedd Aquarium,EFAS,>4cm,0
3070,1,Shedd Aquarium,FAVI,<4cm,0
3070,1,Shedd Aquarium,FAVI,>4cm,0
3070,1,Shedd Aquarium,FFRA,>4cm,0
3070,1,Shedd Aquarium,MADR,<4cm,0
3070,1,Shedd Aquarium,MADR,>4cm,1
3070,1,Shedd Aquarium,MCAV,<4cm,3
3070,1,Shedd Aquarium,MCAV,>4cm,0
3070,1,Shedd Aquarium,MEAN,<4cm,0
3070,1,Shedd Aquarium,MMEA,>4cm,0
3070,1,Shedd Aquarium,MUSS,<4cm,0
3070,1,Shedd Aquarium,MYCE,>4cm,0
3070,1,Shedd Aquarium,ORBI,>4cm,0
3070,1,Shedd Aquarium,PORI,<4cm,1
3070,1,Shedd Aquarium,PORI,>4cm,3
3070,1,Shedd Aquarium,SCOL,>4cm,0
3070,1,Shedd Aquarium,SIDE,<4cm,20
3070,1,Shedd Aquarium,SIDE,>4cm,0
3070,1,Shedd Aquarium,SINT,<4cm,1
3070,1,Shedd Aquarium,SINT,>4cm,0
3070,1,Shedd Aquarium,SOLE,<4cm,0
3070,1,Shedd Aquarium,SOLE,>4cm,1
3070,2,Shedd Aquarium,ACER,>4cm,0
3070,2,Shedd Aquarium,AGAR,<4cm,0
3070,2,Shedd Aquarium,AGAR,>4cm,1
3070,2,Shedd Aquarium,DSTO,>4cm,0
3070,2,Shedd Aquarium,EFAS,>4cm,0
3070,2,Shedd Aquarium,FAVI,<4cm,0
3070,2,Shedd Aquarium,FAVI,>4cm,0
3070,2,Shedd Aquarium,FFRA,>4cm,0
3070,2,Shedd Aquarium,MADR,<4cm,0
3070,2,Shedd Aquarium,MADR,>4cm,0
3070,2,Shedd Aquarium,MCAV,<4cm,0
3070,2,Shedd Aquarium,MCAV,>4cm,1
3070,2,Shedd Aquarium,MEAN,<4cm,0
3070,2,Shedd Aquarium,MMEA,>4cm,0
3070,2,Shedd Aquarium,MUSS,<4cm,0
3070,2,Shedd Aquarium,MYCE,>4cm,0
3070,2,Shedd Aquarium,ORBI,>4cm,0
3070,2,Shedd Aquarium,PORI,<4cm,0
3070,2,Shedd Aquarium,PORI,>4cm,1
3070,2,Shedd Aquarium,SCOL,>4cm,0
3070,2,Shedd Aquarium,SIDE,<4cm,23
3070,2,Shedd Aquarium,SIDE,>4cm,5
3070,2,Shedd Aquarium,SINT,<4cm,0
3070,2,Shedd Aquarium,SINT,>4cm,1
3070,2,Shedd Aquarium,SOLE,<4cm,0
3070,2,Shedd Aquarium,SOLE,>4cm,1
3070,3,Shedd Aquarium,DSTO,>4cm,0
3070,3,Shedd Aquarium,FAVI,<4cm,2
3070,3,Shedd Aquarium,FAVI,>4cm,0
3070,3,Shedd Aquarium,MANG,>4cm,0
3070,3,Shedd Aquarium,MCAV,<4cm,1
3070,3,Shedd Aquarium,MEAN,<4cm,0
3070,3,Shedd Aquarium,MMEA,>4cm,0
3070,3,Shedd Aquarium,MUSS,<4cm,0
3070,3,Shedd Aquarium,MYCE,>4cm,0
3071,1,Shedd Aquarium,ACER,>4cm,0
3071,1,Shedd Aquarium,AGAR,<4cm,3
3071,1,Shedd Aquarium,AGAR,>4cm,0
3071,1,Shedd Aquarium,DSTO,>4cm,0
3071,1,Shedd Aquarium,EFAS,>4cm,0
3071,1,Shedd Aquarium,FAVI,<4cm,0
3071,1,Shedd Aquarium,FAVI,>4cm,0
3071,1,Shedd Aquarium,FFRA,>4cm,0
3071,1,Shedd Aquarium,MADR,<4cm,0
3071,1,Shedd Aquarium,MADR,>4cm,0
3071,1,Shedd Aquarium,MCAV,<4cm,1
3071,1,Shedd Aquarium,MCAV,>4cm,4
3071,1,Shedd Aquarium,MEAN,<4cm,0
3071,1,Shedd Aquarium,MMEA,>4cm,0
3071,1,Shedd Aquarium,MUSS,<4cm,0
3071,1,Shedd Aquarium,MYCE,>4cm,0
3071,1,Shedd Aquarium,ORBI,>4cm,0
3071,1,Shedd Aquarium,PORI,<4cm,1
3071,1,Shedd Aquarium,PORI,>4cm,7
3071,1,Shedd Aquarium,SCOL,>4cm,0
3071,1,Shedd Aquarium,SIDE,<4cm,3
3071,1,Shedd Aquarium,SIDE,>4cm,11
3071,1,Shedd Aquarium,SINT,<4cm,1
3071,1,Shedd Aquarium,SINT,>4cm,2
3071,1,Shedd Aquarium,SOLE,<4cm,0
3071,1,Shedd Aquarium,SOLE,>4cm,0
3071,2,Shedd Aquarium,ACER,>4cm,0
3071,2,Shedd Aquarium,AGAR,<4cm,0
3071,2,Shedd Aquarium,AGAR,>4cm,1
3071,2,Shedd Aquarium,DSTO,>4cm,2
3071,2,Shedd Aquarium,EFAS,>4cm,0
3071,2,Shedd Aquarium,FAVI,<4cm,0
3071,2,Shedd Aquarium,FAVI,>4cm,0
3071,2,Shedd Aquarium,FFRA,>4cm,0
3071,2,Shedd Aquarium,MADR,<4cm,0
3071,2,Shedd Aquarium,MADR,>4cm,0
3071,2,Shedd Aquarium,MCAV,<4cm,3
3071,2,Shedd Aquarium,MCAV,>4cm,1
3071,2,Shedd Aquarium,MEAN,<4cm,0
3071,2,Shedd Aquarium,MMEA,>4cm,0
3071,2,Shedd Aquarium,MUSS,<4cm,0
3071,2,Shedd Aquarium,MYCE,>4cm,0
3071,2,Shedd Aquarium,ORBI,>4cm,0
3071,2,Shedd Aquarium,PORI,<4cm,1
3071,2,Shedd Aquarium,PORI,>4cm,10
3071,2,Shedd Aquarium,SCOL,>4cm,0
3071,2,Shedd Aquarium,SIDE,<4cm,14
3071,2,Shedd Aquarium,SIDE,>4cm,3
3071,2,Shedd Aquarium,SINT,<4cm,1
3071,2,Shedd Aquarium,SINT,>4cm,1
3071,2,Shedd Aquarium,SOLE,<4cm,0
3071,2,Shedd Aquarium,SOLE,>4cm,0
3071,3,Shedd Aquarium,DSTO,>4cm,1
3071,3,Shedd Aquarium,FAVI,<4cm,0
3071,3,Shedd Aquarium,FAVI,>4cm,0
3071,3,Shedd Aquarium,MANG,>4cm,0
3071,3,Shedd Aquarium,MCAV,<4cm,2
3071,3,Shedd Aquarium,MEAN,<4cm,0
3071,3,Shedd Aquarium,MMEA,>4cm,0
3071,3,Shedd Aquarium,MUSS,<4cm,0
3071,3,Shedd Aquarium,MYCE,>4cm,0
3071,4,Shedd Aquarium,DSTO,>4cm,1
3071,4,Shedd Aquarium,FAVI,<4cm,0
3071,4,Shedd Aquarium,FAVI,>4cm,1
3071,4,Shedd Aquarium,MANG,>4cm,0
3071,4,Shedd Aquarium,MCAV,<4cm,2
3071,4,Shedd Aquarium,MEAN,<4cm,2
3071,4,Shedd Aquarium,MMEA,>4cm,0
3071,4,Shedd Aquarium,MUSS,<4cm,0
3071,4,Shedd Aquarium,MYCE,>4cm,0
3072,1,Shedd Aquarium,ACER,>4cm,0
3072,1,Shedd Aquarium,AGAR,<4cm,0
3072,1,Shedd Aquarium,AGAR,>4cm,0
3072,1,Shedd Aquarium,DSTO,>4cm,0
3072,1,Shedd Aquarium,EFAS,>4cm,0
3072,1,Shedd Aquarium,FAVI,<4cm,0
3072,1,Shedd Aquarium,FAVI,>4cm,0
3072,1,Shedd Aquarium,FFRA,>4cm,0
3072,1,Shedd Aquarium,MADR,<4cm,0
3072,1,Shedd Aquarium,MADR,>4cm,0
3072,1,Shedd Aquarium,MCAV,<4cm,0
3072,1,Shedd Aquarium,MCAV,>4cm,0
3072,1,Shedd Aquarium,MEAN,<4cm,0
3072,1,Shedd Aquarium,MMEA,>4cm,0
3072,1,Shedd Aquarium,MUSS,<4cm,0
3072,1,Shedd Aquarium,MYCE,>4cm,0
3072,1,Shedd Aquarium,ORBI,>4cm,0
3072,1,Shedd Aquarium,PORI,<4cm,1
3072,1,Shedd Aquarium,PORI,>4cm,0
3072,1,Shedd Aquarium,SCOL,>4cm,0
3072,1,Shedd Aquarium,SIDE,<4cm,2
3072,1,Shedd Aquarium,SIDE,>4cm,0
3072,1,Shedd Aquarium,SINT,<4cm,1
3072,1,Shedd Aquarium,SINT,>4cm,0
3072,1,Shedd Aquarium,SOLE,<4cm,0
3072,1,Shedd Aquarium,SOLE,>4cm,0
3072,2,Shedd Aquarium,ACER,>4cm,0
3072,2,Shedd Aquarium,AGAR,<4cm,0
3072,2,Shedd Aquarium,AGAR,>4cm,0
3072,2,Shedd Aquarium,DSTO,>4cm,0
3072,2,Shedd Aquarium,EFAS,>4cm,0
3072,2,Shedd Aquarium,FAVI,<4cm,0
3072,2,Shedd Aquarium,FAVI,>4cm,0
3072,2,Shedd Aquarium,FFRA,>4cm,0
3072,2,Shedd Aquarium,MADR,<4cm,0
3072,2,Shedd Aquarium,MADR,>4cm,0
3072,2,Shedd Aquarium,MCAV,<4cm,0
3072,2,Shedd Aquarium,MCAV,>4cm,0
3072,2,Shedd Aquarium,MEAN,<4cm,0
3072,2,Shedd Aquarium,MMEA,>4cm,0
3072,2,Shedd Aquarium,MUSS,<4cm,0
3072,2,Shedd Aquarium,MYCE,>4cm,0
3072,2,Shedd Aquarium,ORBI,>4cm,0
3072,2,Shedd Aquarium,PORI,<4cm,0
3072,2,Shedd Aquarium,PORI,>4cm,0
3072,2,Shedd Aquarium,SCOL,>4cm,0
3072,2,Shedd Aquarium,SIDE,<4cm,5
3072,2,Shedd Aquarium,SIDE,>4cm,0
3072,2,Shedd Aquarium,SINT,<4cm,0
3072,2,Shedd Aquarium,SINT,>4cm,0
3072,2,Shedd Aquarium,SOLE,<4cm,0
3072,2,Shedd Aquarium,SOLE,>4cm,0
3073,1,Shedd Aquarium,ACER,>4cm,0
3073,1,Shedd Aquarium,AGAR,<4cm,0
3073,1,Shedd Aquarium,AGAR,>4cm,0
3073,1,Shedd Aquarium,DSTO,>4cm,0
3073,1,Shedd Aquarium,EFAS,>4cm,0
3073,1,Shedd Aquarium,FAVI,<4cm,0
3073,1,Shedd Aquarium,FAVI,>4cm,0
3073,1,Shedd Aquarium,FFRA,>4cm,0
3073,1,Shedd Aquarium,MADR,<4cm,0
3073,1,Shedd Aquarium,MADR,>4cm,0
3073,1,Shedd Aquarium,MCAV,<4cm,0
3073,1,Shedd Aquarium,MCAV,>4cm,3
3073,1,Shedd Aquarium,MEAN,<4cm,0
3073,1,Shedd Aquarium,MMEA,>4cm,0
3073,1,Shedd Aquarium,MUSS,<4cm,0
3073,1,Shedd Aquarium,MYCE,>4cm,0
3073,1,Shedd Aquarium,ORBI,>4cm,0
3073,1,Shedd Aquarium,PORI,<4cm,0
3073,1,Shedd Aquarium,PORI,>4cm,2
3073,1,Shedd Aquarium,SCOL,>4cm,0
3073,1,Shedd Aquarium,SIDE,<4cm,5
3073,1,Shedd Aquarium,SIDE,>4cm,5
3073,1,Shedd Aquarium,SINT,<4cm,0
3073,1,Shedd Aquarium,SINT,>4cm,2
3073,1,Shedd Aquarium,SOLE,<4cm,0
3073,1,Shedd Aquarium,SOLE,>4cm,0
3073,2,Shedd Aquarium,ACER,>4cm,0
3073,2,Shedd Aquarium,AGAR,<4cm,0
3073,2,Shedd Aquarium,AGAR,>4cm,0
3073,2,Shedd Aquarium,DSTO,>4cm,0
3073,2,Shedd Aquarium,EFAS,>4cm,0
3073,2,Shedd Aquarium,FAVI,<4cm,0
3073,2,Shedd Aquarium,FAVI,>4cm,0
3073,2,Shedd Aquarium,FFRA,>4cm,0
3073,2,Shedd Aquarium,MADR,<4cm,0
3073,2,Shedd Aquarium,MADR,>4cm,0
3073,2,Shedd Aquarium,MCAV,<4cm,0
3073,2,Shedd Aquarium,MCAV,>4cm,2
3073,2,Shedd Aquarium,MEAN,<4cm,0
3073,2,Shedd Aquarium,MMEA,>4cm,0
3073,2,Shedd Aquarium,MUSS,<4cm,0
3073,2,Shedd Aquarium,MYCE,>4cm,0
3073,2,Shedd Aquarium,ORBI,>4cm,0
3073,2,Shedd Aquarium,PORI,<4cm,0
3073,2,Shedd Aquarium,PORI,>4cm,2
3073,2,Shedd Aquarium,SCOL,>4cm,0
3073,2,Shedd Aquarium,SIDE,<4cm,8
3073,2,Shedd Aquarium,SIDE,>4cm,4
3073,2,Shedd Aquarium,SINT,<4cm,0
3073,2,Shedd Aquarium,SINT,>4cm,2
3073,2,Shedd Aquarium,SOLE,<4cm,0
3073,2,Shedd Aquarium,SOLE,>4cm,1
3073,3,Shedd Aquarium,DSTO,>4cm,0
3073,3,Shedd Aquarium,FAVI,<4cm,0
3073,3,Shedd Aquarium,FAVI,>4cm,0
3073,3,Shedd Aquarium,MANG,>4cm,0
3073,3,Shedd Aquarium,MCAV,<4cm,4
3073,3,Shedd Aquarium,MEAN,<4cm,0
3073,3,Shedd Aquarium,MMEA,>4cm,0
3073,3,Shedd Aquarium,MUSS,<4cm,0
3073,3,Shedd Aquarium,MYCE,>4cm,0
3074,1,Shedd Aquarium,ACER,>4cm,0
3074,1,Shedd Aquarium,AGAR,<4cm,0
3074,1,Shedd Aquarium,AGAR,>4cm,0
3074,1,Shedd Aquarium,DSTO,>4cm,0
3074,1,Shedd Aquarium,EFAS,>4cm,0
3074,1,Shedd Aquarium,FAVI,<4cm,0
3074,1,Shedd Aquarium,FAVI,>4cm,0
3074,1,Shedd Aquarium,FFRA,>4cm,0
3074,1,Shedd Aquarium,MADR,<4cm,0
3074,1,Shedd Aquarium,MADR,>4cm,0
3074,1,Shedd Aquarium,MCAV,<4cm,0
3074,1,Shedd Aquarium,MCAV,>4cm,1
3074,1,Shedd Aquarium,MEAN,<4cm,0
3074,1,Shedd Aquarium,MMEA,>4cm,0
3074,1,Shedd Aquarium,MUSS,<4cm,0
3074,1,Shedd Aquarium,MYCE,>4cm,0
3074,1,Shedd Aquarium,ORBI,>4cm,0
3074,1,Shedd Aquarium,PORI,<4cm,0
3074,1,Shedd Aquarium,PORI,>4cm,0
3074,1,Shedd Aquarium,SCOL,>4cm,0
3074,1,Shedd Aquarium,SIDE,<4cm,2
3074,1,Shedd Aquarium,SIDE,>4cm,0
3074,1,Shedd Aquarium,SINT,<4cm,0
3074,1,Shedd Aquarium,SINT,>4cm,0
3074,1,Shedd Aquarium,SOLE,<4cm,1
3074,1,Shedd Aquarium,SOLE,>4cm,1
3074,2,Shedd Aquarium,ACER,>4cm,0
3074,2,Shedd Aquarium,AGAR,<4cm,0
3074,2,Shedd Aquarium,AGAR,>4cm,0
3074,2,Shedd Aquarium,DSTO,>4cm,0
3074,2,Shedd Aquarium,EFAS,>4cm,0
3074,2,Shedd Aquarium,FAVI,<4cm,0
3074,2,Shedd Aquarium,FAVI,>4cm,1
3074,2,Shedd Aquarium,FFRA,>4cm,0
3074,2,Shedd Aquarium,MADR,<4cm,0
3074,2,Shedd Aquarium,MADR,>4cm,0
3074,2,Shedd Aquarium,MCAV,<4cm,0
3074,2,Shedd Aquarium,MCAV,>4cm,1
3074,2,Shedd Aquarium,MEAN,<4cm,0
3074,2,Shedd Aquarium,MMEA,>4cm,0
3074,2,Shedd Aquarium,MUSS,<4cm,0
3074,2,Shedd Aquarium,MYCE,>4cm,0
3074,2,Shedd Aquarium,ORBI,>4cm,0
3074,2,Shedd Aquarium,PORI,<4cm,1
3074,2,Shedd Aquarium,PORI,>4cm,0
3074,2,Shedd Aquarium,SCOL,>4cm,0
3074,2,Shedd Aquarium,SIDE,<4cm,21
3074,2,Shedd Aquarium,SIDE,>4cm,8
3074,2,Shedd Aquarium,SINT,<4cm,1
3074,2,Shedd Aquarium,SINT,>4cm,6
3074,2,Shedd Aquarium,SOLE,<4cm,0
3074,2,Shedd Aquarium,SOLE,>4cm,0
3075,1,Shedd Aquarium,ACER,>4cm,0
3075,1,Shedd Aquarium,AGAR,<4cm,0
3075,1,Shedd Aquarium,AGAR,>4cm,0
3075,1,Shedd Aquarium,DSTO,>4cm,0
3075,1,Shedd Aquarium,EFAS,>4cm,0
3075,1,Shedd Aquarium,FAVI,<4cm,0
3075,1,Shedd Aquarium,FAVI,>4cm,1
3075,1,Shedd Aquarium,FFRA,>4cm,0
3075,1,Shedd Aquarium,MADR,<4cm,0
3075,1,Shedd Aquarium,MADR,>4cm,0
3075,1,Shedd Aquarium,MCAV,<4cm,1
3075,1,Shedd Aquarium,MCAV,>4cm,2
3075,1,Shedd Aquarium,MEAN,<4cm,0
3075,1,Shedd Aquarium,MMEA,>4cm,0
3075,1,Shedd Aquarium,MUSS,<4cm,0
3075,1,Shedd Aquarium,MYCE,>4cm,0
3075,1,Shedd Aquarium,ORBI,>4cm,0
3075,1,Shedd Aquarium,PORI,<4cm,0
3075,1,Shedd Aquarium,PORI,>4cm,0
3075,1,Shedd Aquarium,SCOL,>4cm,0
3075,1,Shedd Aquarium,SIDE,<4cm,5
3075,1,Shedd Aquarium,SIDE,>4cm,3
3075,1,Shedd Aquarium,SINT,<4cm,0
3075,1,Shedd Aquarium,SINT,>4cm,1
3075,1,Shedd Aquarium,SOLE,<4cm,2
3075,1,Shedd Aquarium,SOLE,>4cm,0
3075,2,Shedd Aquarium,ACER,>4cm,0
3075,2,Shedd Aquarium,AGAR,<4cm,0
3075,2,Shedd Aquarium,AGAR,>4cm,0
3075,2,Shedd Aquarium,DSTO,>4cm,0
3075,2,Shedd Aquarium,EFAS,>4cm,0
3075,2,Shedd Aquarium,FAVI,<4cm,0
3075,2,Shedd Aquarium,FAVI,>4cm,0
3075,2,Shedd Aquarium,FFRA,>4cm,0
3075,2,Shedd Aquarium,MADR,<4cm,0
3075,2,Shedd Aquarium,MADR,>4cm,0
3075,2,Shedd Aquarium,MCAV,<4cm,0
3075,2,Shedd Aquarium,MCAV,>4cm,0
3075,2,Shedd Aquarium,MEAN,<4cm,0
3075,2,Shedd Aquarium,MMEA,>4cm,0
3075,2,Shedd Aquarium,MUSS,<4cm,0
3075,2,Shedd Aquarium,MYCE,>4cm,0
3075,2,Shedd Aquarium,ORBI,>4cm,0
3075,2,Shedd Aquarium,PORI,<4cm,0
3075,2,Shedd Aquarium,PORI,>4cm,2
3075,2,Shedd Aquarium,SCOL,>4cm,0
3075,2,Shedd Aquarium,SIDE,<4cm,6
3075,2,Shedd Aquarium,SIDE,>4cm,7
3075,2,Shedd Aquarium,SINT,<4cm,0
3075,2,Shedd Aquarium,SINT,>4cm,2
3075,2,Shedd Aquarium,SOLE,<4cm,0
3075,2,Shedd Aquarium,SOLE,>4cm,1
3075,4,Shedd Aquarium,DSTO,>4cm,0
3075,4,Shedd Aquarium,FAVI,<4cm,0
3075,4,Shedd Aquarium,FAVI,>4cm,1
3075,4,Shedd Aquarium,MANG,>4cm,0
3075,4,Shedd Aquarium,MCAV,<4cm,0
3075,4,Shedd Aquarium,MEAN,<4cm,0
3075,4,Shedd Aquarium,MMEA,>4cm,0
3075,4,Shedd Aquarium,MUSS,<4cm,0
3075,4,Shedd Aquarium,MYCE,>4cm,0
3076,1,Shedd Aquarium,ACER,>4cm,0
3076,1,Shedd Aquarium,AGAR,<4cm,0
3076,1,Shedd Aquarium,AGAR,>4cm,0
3076,1,Shedd Aquarium,DSTO,>4cm,0
3076,1,Shedd Aquarium,EFAS,>4cm,0
3076,1,Shedd Aquarium,FAVI,<4cm,0
3076,1,Shedd Aquarium,FAVI,>4cm,0
3076,1,Shedd Aquarium,FFRA,>4cm,0
3076,1,Shedd Aquarium,MADR,<4cm,0
3076,1,Shedd Aquarium,MADR,>4cm,0
3076,1,Shedd Aquarium,MCAV,<4cm,0
3076,1,Shedd Aquarium,MCAV,>4cm,0
3076,1,Shedd Aquarium,MEAN,<4cm,0
3076,1,Shedd Aquarium,MMEA,>4cm,0
3076,1,Shedd Aquarium,MUSS,<4cm,0
3076,1,Shedd Aquarium,MYCE,>4cm,0
3076,1,Shedd Aquarium,ORBI,>4cm,0
3076,1,Shedd Aquarium,PORI,<4cm,2
3076,1,Shedd Aquarium,PORI,>4cm,0
3076,1,Shedd Aquarium,SCOL,>4cm,0
3076,1,Shedd Aquarium,SIDE,<4cm,26
3076,1,Shedd Aquarium,SIDE,>4cm,0
3076,1,Shedd Aquarium,SINT,<4cm,1
3076,1,Shedd Aquarium,SINT,>4cm,0
3076,1,Shedd Aquarium,SOLE,<4cm,1
3076,1,Shedd Aquarium,SOLE,>4cm,0
3076,2,Shedd Aquarium,ACER,>4cm,0
3076,2,Shedd Aquarium,AGAR,<4cm,0
3076,2,Shedd Aquarium,AGAR,>4cm,0
3076,2,Shedd Aquarium,DSTO,>4cm,0
3076,2,Shedd Aquarium,EFAS,>4cm,0
3076,2,Shedd Aquarium,FAVI,<4cm,0
3076,2,Shedd Aquarium,FAVI,>4cm,0
3076,2,Shedd Aquarium,FFRA,>4cm,0
3076,2,Shedd Aquarium,MADR,<4cm,0
3076,2,Shedd Aquarium,MADR,>4cm,0
3076,2,Shedd Aquarium,MCAV,<4cm,0
3076,2,Shedd Aquarium,MCAV,>4cm,0
3076,2,Shedd Aquarium,MEAN,<4cm,0
3076,2,Shedd Aquarium,MMEA,>4cm,0
3076,2,Shedd Aquarium,MUSS,<4cm,0
3076,2,Shedd Aquarium,MYCE,>4cm,0
3076,2,Shedd Aquarium,ORBI,>4cm,0
3076,2,Shedd Aquarium,PORI,<4cm,0
3076,2,Shedd Aquarium,PORI,>4cm,1
3076,2,Shedd Aquarium,SCOL,>4cm,0
3076,2,Shedd Aquarium,SIDE,<4cm,18
3076,2,Shedd Aquarium,SIDE,>4cm,2
3076,2,Shedd Aquarium,SINT,<4cm,0
3076,2,Shedd Aquarium,SINT,>4cm,0
3076,2,Shedd Aquarium,SOLE,<4cm,0
3076,2,Shedd Aquarium,SOLE,>4cm,0
3077,1,Shedd Aquarium,ACER,>4cm,0
3077,1,Shedd Aquarium,AGAR,<4cm,0
3077,1,Shedd Aquarium,AGAR,>4cm,0
3077,1,Shedd Aquarium,DSTO,>4cm,1
3077,1,Shedd Aquarium,EFAS,>4cm,0
3077,1,Shedd Aquarium,FAVI,<4cm,0
3077,1,Shedd Aquarium,FAVI,>4cm,0
3077,1,Shedd Aquarium,FFRA,>4cm,0
3077,1,Shedd Aquarium,MADR,<4cm,0
3077,1,Shedd Aquarium,MADR,>4cm,0
3077,1,Shedd Aquarium,MCAV,<4cm,0
3077,1,Shedd Aquarium,MCAV,>4cm,0
3077,1,Shedd Aquarium,MEAN,<4cm,0
3077,1,Shedd Aquarium,MMEA,>4cm,0
3077,1,Shedd Aquarium,MUSS,<4cm,0
3077,1,Shedd Aquarium,MYCE,>4cm,0
3077,1,Shedd Aquarium,ORBI,>4cm,0
3077,1,Shedd Aquarium,PORI,<4cm,0
3077,1,Shedd Aquarium,PORI,>4cm,0
3077,1,Shedd Aquarium,SCOL,>4cm,0
3077,1,Shedd Aquarium,SIDE,<4cm,27
3077,1,Shedd Aquarium,SIDE,>4cm,2
3077,1,Shedd Aquarium,SINT,<4cm,0
3077,1,Shedd Aquarium,SINT,>4cm,0
3077,1,Shedd Aquarium,SOLE,<4cm,0
3077,1,Shedd Aquarium,SOLE,>4cm,1
3077,2,Shedd Aquarium,ACER,>4cm,0
3077,2,Shedd Aquarium,AGAR,<4cm,0
3077,2,Shedd Aquarium,AGAR,>4cm,0
3077,2,Shedd Aquarium,DSTO,>4cm,2
3077,2,Shedd Aquarium,EFAS,>4cm,0
3077,2,Shedd Aquarium,FAVI,<4cm,0
3077,2,Shedd Aquarium,FAVI,>4cm,0
3077,2,Shedd Aquarium,FFRA,>4cm,0
3077,2,Shedd Aquarium,MADR,<4cm,0
3077,2,Shedd Aquarium,MADR,>4cm,0
3077,2,Shedd Aquarium,MCAV,<4cm,0
3077,2,Shedd Aquarium,MCAV,>4cm,0
3077,2,Shedd Aquarium,MEAN,<4cm,0
3077,2,Shedd Aquarium,MMEA,>4cm,0
3077,2,Shedd Aquarium,MUSS,<4cm,0
3077,2,Shedd Aquarium,MYCE,>4cm,0
3077,2,Shedd Aquarium,ORBI,>4cm,0
3077,2,Shedd Aquarium,PORI,<4cm,1
3077,2,Shedd Aquarium,PORI,>4cm,0
3077,2,Shedd Aquarium,SCOL,>4cm,0
3077,2,Shedd Aquarium,SIDE,<4cm,17
3077,2,Shedd Aquarium,SIDE,>4cm,0
3077,2,Shedd Aquarium,SINT,<4cm,0
3077,2,Shedd Aquarium,SINT,>4cm,1
3077,2,Shedd Aquarium,SOLE,<4cm,0
3077,2,Shedd Aquarium,SOLE,>4cm,1
3078,1,Shedd Aquarium,ACER,>4cm,0
3078,1,Shedd Aquarium,AGAR,<4cm,0
3078,1,Shedd Aquarium,AGAR,>4cm,0
3078,1,Shedd Aquarium,DSTO,>4cm,0
3078,1,Shedd Aquarium,EFAS,>4cm,0
3078,1,Shedd Aquarium,FAVI,<4cm,0
3078,1,Shedd Aquarium,FAVI,>4cm,0
3078,1,Shedd Aquarium,FFRA,>4cm,0
3078,1,Shedd Aquarium,MADR,<4cm,0
3078,1,Shedd Aquarium,MADR,>4cm,0
3078,1,Shedd Aquarium,MCAV,<4cm,2
3078,1,Shedd Aquarium,MCAV,>4cm,1
3078,1,Shedd Aquarium,MEAN,<4cm,1
3078,1,Shedd Aquarium,MMEA,>4cm,0
3078,1,Shedd Aquarium,MUSS,<4cm,0
3078,1,Shedd Aquarium,MYCE,>4cm,0
3078,1,Shedd Aquarium,ORBI,>4cm,1
3078,1,Shedd Aquarium,PORI,<4cm,0
3078,1,Shedd Aquarium,PORI,>4cm,1
3078,1,Shedd Aquarium,SCOL,>4cm,0
3078,1,Shedd Aquarium,SIDE,<4cm,1
3078,1,Shedd Aquarium,SIDE,>4cm,2
3078,1,Shedd Aquarium,SINT,<4cm,4
3078,1,Shedd Aquarium,SINT,>4cm,1
3078,1,Shedd Aquarium,SOLE,<4cm,0
3078,1,Shedd Aquarium,SOLE,>4cm,0
3078,2,Shedd Aquarium,ACER,>4cm,0
3078,2,Shedd Aquarium,AGAR,<4cm,0
3078,2,Shedd Aquarium,AGAR,>4cm,0
3078,2,Shedd Aquarium,DSTO,>4cm,0
3078,2,Shedd Aquarium,EFAS,>4cm,0
3078,2,Shedd Aquarium,FAVI,<4cm,0
3078,2,Shedd Aquarium,FAVI,>4cm,1
3078,2,Shedd Aquarium,FFRA,>4cm,0
3078,2,Shedd Aquarium,MADR,<4cm,0
3078,2,Shedd Aquarium,MADR,>4cm,0
3078,2,Shedd Aquarium,MCAV,<4cm,0
3078,2,Shedd Aquarium,MCAV,>4cm,0
3078,2,Shedd Aquarium,MEAN,<4cm,0
3078,2,Shedd Aquarium,MMEA,>4cm,0
3078,2,Shedd Aquarium,MUSS,<4cm,0
3078,2,Shedd Aquarium,MYCE,>4cm,0
3078,2,Shedd Aquarium,ORBI,>4cm,0
3078,2,Shedd Aquarium,PORI,<4cm,0
3078,2,Shedd Aquarium,PORI,>4cm,0
3078,2,Shedd Aquarium,SCOL,>4cm,0
3078,2,Shedd Aquarium,SIDE,<4cm,12
3078,2,Shedd Aquarium,SIDE,>4cm,2
3078,2,Shedd Aquarium,SINT,<4cm,0
3078,2,Shedd Aquarium,SINT,>4cm,0
3078,2,Shedd Aquarium,SOLE,<4cm,0
3078,2,Shedd Aquarium,SOLE,>4cm,0
3079,1,Shedd Aquarium,ACER,>4cm,2
3079,1,Shedd Aquarium,AGAR,<4cm,0
3079,1,Shedd Aquarium,AGAR,>4cm,0
3079,1,Shedd Aquarium,DSTO,>4cm,0
3079,1,Shedd Aquarium,EFAS,>4cm,0
3079,1,Shedd Aquarium,FAVI,<4cm,0
3079,1,Shedd Aquarium,FAVI,>4cm,1
3079,1,Shedd Aquarium,FFRA,>4cm,0
3079,1,Shedd Aquarium,MADR,<4cm,0
3079,1,Shedd Aquarium,MADR,>4cm,0
3079,1,Shedd Aquarium,MCAV,<4cm,0
3079,1,Shedd Aquarium,MCAV,>4cm,0
3079,1,Shedd Aquarium,MEAN,<4cm,0
3079,1,Shedd Aquarium,MMEA,>4cm,0
3079,1,Shedd Aquarium,MUSS,<4cm,0
3079,1,Shedd Aquarium,MYCE,>4cm,0
3079,1,Shedd Aquarium,ORBI,>4cm,0
3079,1,Shedd Aquarium,PORI,<4cm,4
3079,1,Shedd Aquarium,PORI,>4cm,2
3079,1,Shedd Aquarium,SCOL,>4cm,0
3079,1,Shedd Aquarium,SIDE,<4cm,3
3079,1,Shedd Aquarium,SIDE,>4cm,0
3079,1,Shedd Aquarium,SINT,<4cm,0
3079,1,Shedd Aquarium,SINT,>4cm,1
3079,1,Shedd Aquarium,SOLE,<4cm,0
3079,1,Shedd Aquarium,SOLE,>4cm,0
3079,2,Shedd Aquarium,ACER,>4cm,1
3079,2,Shedd Aquarium,AGAR,<4cm,0
3079,2,Shedd Aquarium,AGAR,>4cm,0
3079,2,Shedd Aquarium,DSTO,>4cm,0
3079,2,Shedd Aquarium,EFAS,>4cm,0
3079,2,Shedd Aquarium,FAVI,<4cm,0
3079,2,Shedd Aquarium,FAVI,>4cm,0
3079,2,Shedd Aquarium,FFRA,>4cm,0
3079,2,Shedd Aquarium,MADR,<4cm,0
3079,2,Shedd Aquarium,MADR,>4cm,0
3079,2,Shedd Aquarium,MCAV,<4cm,0
3079,2,Shedd Aquarium,MCAV,>4cm,0
3079,2,Shedd Aquarium,MEAN,<4cm,0
3079,2,Shedd Aquarium,MMEA,>4cm,0
3079,2,Shedd Aquarium,MUSS,<4cm,0
3079,2,Shedd Aquarium,MYCE,>4cm,0
3079,2,Shedd Aquarium,ORBI,>4cm,0
3079,2,Shedd Aquarium,PORI,<4cm,0
3079,2,Shedd Aquarium,PORI,>4cm,3
3079,2,Shedd Aquarium,SCOL,>4cm,0
3079,2,Shedd Aquarium,SIDE,<4cm,6
3079,2,Shedd Aquarium,SIDE,>4cm,2
3079,2,Shedd Aquarium,SINT,<4cm,0
3079,2,Shedd Aquarium,SINT,>4cm,0
3079,2,Shedd Aquarium,SOLE,<4cm,0
3079,2,Shedd Aquarium,SOLE,>4cm,0
3080,1,Shedd Aquarium,ACER,>4cm,0
3080,1,Shedd Aquarium,AGAR,<4cm,0
3080,1,Shedd Aquarium,AGAR,>4cm,0
3080,1,Shedd Aquarium,DSTO,>4cm,1
3080,1,Shedd Aquarium,EFAS,>4cm,0
3080,1,Shedd Aquarium,FAVI,<4cm,0
3080,1,Shedd Aquarium,FAVI,>4cm,0
3080,1,Shedd Aquarium,FFRA,>4cm,0
3080,1,Shedd Aquarium,MADR,<4cm,0
3080,1,Shedd Aquarium,MADR,>4cm,0
3080,1,Shedd Aquarium,MCAV,<4cm,0
3080,1,Shedd Aquarium,MCAV,>4cm,1
3080,1,Shedd Aquarium,MEAN,<4cm,0
3080,1,Shedd Aquarium,MMEA,>4cm,0
3080,1,Shedd Aquarium,MUSS,<4cm,0
3080,1,Shedd Aquarium,MYCE,>4cm,0
3080,1,Shedd Aquarium,ORBI,>4cm,0
3080,1,Shedd Aquarium,PORI,<4cm,0
3080,1,Shedd Aquarium,PORI,>4cm,0
3080,1,Shedd Aquarium,SCOL,>4cm,0
3080,1,Shedd Aquarium,SIDE,<4cm,26
3080,1,Shedd Aquarium,SIDE,>4cm,1
3080,1,Shedd Aquarium,SINT,<4cm,0
3080,1,Shedd Aquarium,SINT,>4cm,2
3080,1,Shedd Aquarium,SOLE,<4cm,0
3080,1,Shedd Aquarium,SOLE,>4cm,0
3080,2,Shedd Aquarium,ACER,>4cm,0
3080,2,Shedd Aquarium,AGAR,<4cm,0
3080,2,Shedd Aquarium,AGAR,>4cm,0
3080,2,Shedd Aquarium,DSTO,>4cm,1
3080,2,Shedd Aquarium,EFAS,>4cm,0
3080,2,Shedd Aquarium,FAVI,<4cm,0
3080,2,Shedd Aquarium,FAVI,>4cm,0
3080,2,Shedd Aquarium,FFRA,>4cm,0
3080,2,Shedd Aquarium,MADR,<4cm,0
3080,2,Shedd Aquarium,MADR,>4cm,0
3080,2,Shedd Aquarium,MCAV,<4cm,0
3080,2,Shedd Aquarium,MCAV,>4cm,0
3080,2,Shedd Aquarium,MEAN,<4cm,0
3080,2,Shedd Aquarium,MMEA,>4cm,0
3080,2,Shedd Aquarium,MUSS,<4cm,2
3080,2,Shedd Aquarium,MYCE,>4cm,0
3080,2,Shedd Aquarium,ORBI,>4cm,0
3080,2,Shedd Aquarium,PORI,<4cm,2
3080,2,Shedd Aquarium,PORI,>4cm,0
3080,2,Shedd Aquarium,SCOL,>4cm,0
3080,2,Shedd Aquarium,SIDE,<4cm,6
3080,2,Shedd Aquarium,SIDE,>4cm,2
3080,2,Shedd Aquarium,SINT,<4cm,0
3080,2,Shedd Aquarium,SINT,>4cm,0
3080,2,Shedd Aquarium,SOLE,<4cm,0
3080,2,Shedd Aquarium,SOLE,>4cm,0
3080,4,Shedd Aquarium,DSTO,>4cm,1
3080,4,Shedd Aquarium,FAVI,<4cm,0
3080,4,Shedd Aquarium,FAVI,>4cm,0
3080,4,Shedd Aquarium,MANG,>4cm,0
3080,4,Shedd Aquarium,MCAV,<4cm,1
3080,4,Shedd Aquarium,MEAN,<4cm,0
3080,4,Shedd Aquarium,MMEA,>4cm,0
3080,4,Shedd Aquarium,MUSS,<4cm,4
3080,4,Shedd Aquarium,MYCE,>4cm,0
3081,1,Shedd Aquarium,ACER,>4cm,0
3081,1,Shedd Aquarium,AGAR,<4cm,0
3081,1,Shedd Aquarium,AGAR,>4cm,0
3081,1,Shedd Aquarium,DSTO,>4cm,0
3081,1,Shedd Aquarium,EFAS,>4cm,0
3081,1,Shedd Aquarium,FAVI,<4cm,0
3081,1,Shedd Aquarium,FAVI,>4cm,0
3081,1,Shedd Aquarium,FFRA,>4cm,0
3081,1,Shedd Aquarium,MADR,<4cm,0
3081,1,Shedd Aquarium,MADR,>4cm,0
3081,1,Shedd Aquarium,MCAV,<4cm,0
3081,1,Shedd Aquarium,MCAV,>4cm,1
3081,1,Shedd Aquarium,MEAN,<4cm,0
3081,1,Shedd Aquarium,MMEA,>4cm,0
3081,1,Shedd Aquarium,MUSS,<4cm,0
3081,1,Shedd Aquarium,MYCE,>4cm,0
3081,1,Shedd Aquarium,ORBI,>4cm,0
3081,1,Shedd Aquarium,PORI,<4cm,0
3081,1,Shedd Aquarium,PORI,>4cm,2
3081,1,Shedd Aquarium,SCOL,>4cm,0
3081,1,Shedd Aquarium,SIDE,<4cm,12
3081,1,Shedd Aquarium,SIDE,>4cm,0
3081,1,Shedd Aquarium,SINT,<4cm,1
3081,1,Shedd Aquarium,SINT,>4cm,0
3081,1,Shedd Aquarium,SOLE,<4cm,0
3081,1,Shedd Aquarium,SOLE,>4cm,0
3081,2,Shedd Aquarium,ACER,>4cm,0
3081,2,Shedd Aquarium,AGAR,<4cm,0
3081,2,Shedd Aquarium,AGAR,>4cm,0
3081,2,Shedd Aquarium,DSTO,>4cm,0
3081,2,Shedd Aquarium,EFAS,>4cm,0
3081,2,Shedd Aquarium,FAVI,<4cm,0
3081,2,Shedd Aquarium,FAVI,>4cm,0
3081,2,Shedd Aquarium,FFRA,>4cm,0
3081,2,Shedd Aquarium,MADR,<4cm,0
3081,2,Shedd Aquarium,MADR,>4cm,0
3081,2,Shedd Aquarium,MCAV,<4cm,0
3081,2,Shedd Aquarium,MCAV,>4cm,2
3081,2,Shedd Aquarium,MEAN,<4cm,0
3081,2,Shedd Aquarium,MMEA,>4cm,0
3081,2,Shedd Aquarium,MUSS,<4cm,0
3081,2,Shedd Aquarium,MYCE,>4cm,0
3081,2,Shedd Aquarium,ORBI,>4cm,0
3081,2,Shedd Aquarium,PORI,<4cm,0
3081,2,Shedd Aquarium,PORI,>4cm,0
3081,2,Shedd Aquarium,SCOL,>4cm,0
3081,2,Shedd Aquarium,SIDE,<4cm,1
3081,2,Shedd Aquarium,SIDE,>4cm,1
3081,2,Shedd Aquarium,SINT,<4cm,2
3081,2,Shedd Aquarium,SINT,>4cm,1
3081,2,Shedd Aquarium,SOLE,<4cm,0
3081,2,Shedd Aquarium,SOLE,>4cm,0
3081,3,Shedd Aquarium,DSTO,>4cm,1
3081,3,Shedd Aquarium,FAVI,<4cm,0
3081,3,Shedd Aquarium,FAVI,>4cm,0
3081,3,Shedd Aquarium,MANG,>4cm,0
3081,3,Shedd Aquarium,MCAV,<4cm,0
3081,3,Shedd Aquarium,MEAN,<4cm,0
3081,3,Shedd Aquarium,MMEA,>4cm,0
3081,3,Shedd Aquarium,MUSS,<4cm,0
3081,3,Shedd Aquarium,MYCE,>4cm,0
3082,1,Shedd Aquarium,ACER,>4cm,0
3082,1,Shedd Aquarium,AGAR,<4cm,0
3082,1,Shedd Aquarium,AGAR,>4cm,0
3082,1,Shedd Aquarium,DSTO,>4cm,0
3082,1,Shedd Aquarium,EFAS,>4cm,1
3082,1,Shedd Aquarium,FAVI,<4cm,0
3082,1,Shedd Aquarium,FAVI,>4cm,0
3082,1,Shedd Aquarium,FFRA,>4cm,0
3082,1,Shedd Aquarium,MADR,<4cm,0
3082,1,Shedd Aquarium,MADR,>4cm,0
3082,1,Shedd Aquarium,MCAV,<4cm,1
3082,1,Shedd Aquarium,MCAV,>4cm,3
3082,1,Shedd Aquarium,MEAN,<4cm,0
3082,1,Shedd Aquarium,MMEA,>4cm,1
3082,1,Shedd Aquarium,MUSS,<4cm,0
3082,1,Shedd Aquarium,MYCE,>4cm,0
3082,1,Shedd Aquarium,ORBI,>4cm,0
3082,1,Shedd Aquarium,PORI,<4cm,0
3082,1,Shedd Aquarium,PORI,>4cm,1
3082,1,Shedd Aquarium,SCOL,>4cm,0
3082,1,Shedd Aquarium,SIDE,<4cm,13
3082,1,Shedd Aquarium,SIDE,>4cm,4
3082,1,Shedd Aquarium,SINT,<4cm,0
3082,1,Shedd Aquarium,SINT,>4cm,3
3082,1,Shedd Aquarium,SOLE,<4cm,0
3082,1,Shedd Aquarium,SOLE,>4cm,0
3082,2,Shedd Aquarium,ACER,>4cm,0
3082,2,Shedd Aquarium,AGAR,<4cm,0
3082,2,Shedd Aquarium,AGAR,>4cm,0
3082,2,Shedd Aquarium,DSTO,>4cm,0
3082,2,Shedd Aquarium,EFAS,>4cm,0
3082,2,Shedd Aquarium,FAVI,<4cm,1
3082,2,Shedd Aquarium,FAVI,>4cm,1
3082,2,Shedd Aquarium,FFRA,>4cm,0
3082,2,Shedd Aquarium,MADR,<4cm,0
3082,2,Shedd Aquarium,MADR,>4cm,0
3082,2,Shedd Aquarium,MCAV,<4cm,4
3082,2,Shedd Aquarium,MCAV,>4cm,0
3082,2,Shedd Aquarium,MEAN,<4cm,0
3082,2,Shedd Aquarium,MMEA,>4cm,0
3082,2,Shedd Aquarium,MUSS,<4cm,0
3082,2,Shedd Aquarium,MYCE,>4cm,0
3082,2,Shedd Aquarium,ORBI,>4cm,0
3082,2,Shedd Aquarium,PORI,<4cm,0
3082,2,Shedd Aquarium,PORI,>4cm,2
3082,2,Shedd Aquarium,SCOL,>4cm,0
3082,2,Shedd Aquarium,SIDE,<4cm,16
3082,2,Shedd Aquarium,SIDE,>4cm,3
3082,2,Shedd Aquarium,SINT,<4cm,0
3082,2,Shedd Aquarium,SINT,>4cm,3
3082,2,Shedd Aquarium,SOLE,<4cm,0
3082,2,Shedd Aquarium,SOLE,>4cm,1
3082,3,Shedd Aquarium,DSTO,>4cm,0
3082,3,Shedd Aquarium,FAVI,<4cm,0
3082,3,Shedd Aquarium,FAVI,>4cm,0
3082,3,Shedd Aquarium,MANG,>4cm,0
3082,3,Shedd Aquarium,MCAV,<4cm,4
3082,3,Shedd Aquarium,MEAN,<4cm,0
3082,3,Shedd Aquarium,MMEA,>4cm,0
3082,3,Shedd Aquarium,MUSS,<4cm,0
3082,3,Shedd Aquarium,MYCE,>4cm,0
3082,4,Shedd Aquarium,DSTO,>4cm,0
3082,4,Shedd Aquarium,FAVI,<4cm,0
3082,4,Shedd Aquarium,FAVI,>4cm,0
3082,4,Shedd Aquarium,MANG,>4cm,0
3082,4,Shedd Aquarium,MCAV,<4cm,4
3082,4,Shedd Aquarium,MEAN,<4cm,2
3082,4,Shedd Aquarium,MMEA,>4cm,0
3082,4,Shedd Aquarium,MUSS,<4cm,0
3082,4,Shedd Aquarium,MYCE,>4cm,0
3083,1,Shedd Aquarium,ACER,>4cm,0
3083,1,Shedd Aquarium,AGAR,<4cm,0
3083,1,Shedd Aquarium,AGAR,>4cm,0
3083,1,Shedd Aquarium,DSTO,>4cm,0
3083,1,Shedd Aquarium,EFAS,>4cm,0
3083,1,Shedd Aquarium,FAVI,<4cm,0
3083,1,Shedd Aquarium,FAVI,>4cm,1
3083,1,Shedd Aquarium,FFRA,>4cm,0
3083,1,Shedd Aquarium,MADR,<4cm,0
3083,1,Shedd Aquarium,MADR,>4cm,0
3083,1,Shedd Aquarium,MCAV,<4cm,3
3083,1,Shedd Aquarium,MCAV,>4cm,3
3083,1,Shedd Aquarium,MEAN,<4cm,0
3083,1,Shedd Aquarium,MMEA,>4cm,0
3083,1,Shedd Aquarium,MUSS,<4cm,0
3083,1,Shedd Aquarium,MYCE,>4cm,0
3083,1,Shedd Aquarium,ORBI,>4cm,0
3083,1,Shedd Aquarium,PORI,<4cm,4
3083,1,Shedd Aquarium,PORI,>4cm,4
3083,1,Shedd Aquarium,SCOL,>4cm,0
3083,1,Shedd Aquarium,SIDE,<4cm,13
3083,1,Shedd Aquarium,SIDE,>4cm,3
3083,1,Shedd Aquarium,SINT,<4cm,0
3083,1,Shedd Aquarium,SINT,>4cm,1
3083,1,Shedd Aquarium,SOLE,<4cm,0
3083,1,Shedd Aquarium,SOLE,>4cm,2
3083,2,Shedd Aquarium,ACER,>4cm,0
3083,2,Shedd Aquarium,AGAR,<4cm,0
3083,2,Shedd Aquarium,AGAR,>4cm,0
3083,2,Shedd Aquarium,DSTO,>4cm,1
3083,2,Shedd Aquarium,EFAS,>4cm,0
3083,2,Shedd Aquarium,FAVI,<4cm,0
3083,2,Shedd Aquarium,FAVI,>4cm,0
3083,2,Shedd Aquarium,FFRA,>4cm,0
3083,2,Shedd Aquarium,MADR,<4cm,0
3083,2,Shedd Aquarium,MADR,>4cm,0
3083,2,Shedd Aquarium,MCAV,<4cm,5
3083,2,Shedd Aquarium,MCAV,>4cm,2
3083,2,Shedd Aquarium,MEAN,<4cm,0
3083,2,Shedd Aquarium,MMEA,>4cm,0
3083,2,Shedd Aquarium,MUSS,<4cm,0
3083,2,Shedd Aquarium,MYCE,>4cm,0
3083,2,Shedd Aquarium,ORBI,>4cm,0
3083,2,Shedd Aquarium,PORI,<4cm,1
3083,2,Shedd Aquarium,PORI,>4cm,2
3083,2,Shedd Aquarium,SCOL,>4cm,0
3083,2,Shedd Aquarium,SIDE,<4cm,14
3083,2,Shedd Aquarium,SIDE,>4cm,3
3083,2,Shedd Aquarium,SINT,<4cm,0
3083,2,Shedd Aquarium,SINT,>4cm,2
3083,2,Shedd Aquarium,SOLE,<4cm,0
3083,2,Shedd Aquarium,SOLE,>4cm,0
3083,3,Shedd Aquarium,DSTO,>4cm,0
3083,3,Shedd Aquarium,FAVI,<4cm,0
3083,3,Shedd Aquarium,FAVI,>4cm,1
3083,3,Shedd Aquarium,MANG,>4cm,0
3083,3,Shedd Aquarium,MCAV,<4cm,0
3083,3,Shedd Aquarium,MEAN,<4cm,0
3083,3,Shedd Aquarium,MMEA,>4cm,0
3083,3,Shedd Aquarium,MUSS,<4cm,0
3083,3,Shedd Aquarium,MYCE,>4cm,0
3083,4,Shedd Aquarium,DSTO,>4cm,0
3083,4,Shedd Aquarium,FAVI,<4cm,0
3083,4,Shedd Aquarium,FAVI,>4cm,0
3083,4,Shedd Aquarium,MANG,>4cm,0
3083,4,Shedd Aquarium,MCAV,<4cm,3
3083,4,Shedd Aquarium,MEAN,<4cm,0
3083,4,Shedd Aquarium,MMEA,>4cm,0
3083,4,Shedd Aquarium,MUSS,<4cm,0
3083,4,Shedd Aquarium,MYCE,>4cm,0
3084,1,Shedd Aquarium,ACER,>4cm,0
3084,1,Shedd Aquarium,AGAR,<4cm,0
3084,1,Shedd Aquarium,AGAR,>4cm,0
3084,1,Shedd Aquarium,DSTO,>4cm,0
3084,1,Shedd Aquarium,EFAS,>4cm,0
3084,1,Shedd Aquarium,FAVI,<4cm,0
3084,1,Shedd Aquarium,FAVI,>4cm,0
3084,1,Shedd Aquarium,FFRA,>4cm,0
3084,1,Shedd Aquarium,MADR,<4cm,0
3084,1,Shedd Aquarium,MADR,>4cm,0
3084,1,Shedd Aquarium,MCAV,<4cm,5
3084,1,Shedd Aquarium,MCAV,>4cm,0
3084,1,Shedd Aquarium,MEAN,<4cm,0
3084,1,Shedd Aquarium,MMEA,>4cm,0
3084,1,Shedd Aquarium,MUSS,<4cm,0
3084,1,Shedd Aquarium,MYCE,>4cm,0
3084,1,Shedd Aquarium,ORBI,>4cm,0
3084,1,Shedd Aquarium,PORI,<4cm,0
3084,1,Shedd Aquarium,PORI,>4cm,4
3084,1,Shedd Aquarium,SCOL,>4cm,0
3084,1,Shedd Aquarium,SIDE,<4cm,12
3084,1,Shedd Aquarium,SIDE,>4cm,4
3084,1,Shedd Aquarium,SINT,<4cm,1
3084,1,Shedd Aquarium,SINT,>4cm,2
3084,1,Shedd Aquarium,SOLE,<4cm,1
3084,1,Shedd Aquarium,SOLE,>4cm,0
3084,2,Shedd Aquarium,ACER,>4cm,0
3084,2,Shedd Aquarium,AGAR,<4cm,0
3084,2,Shedd Aquarium,AGAR,>4cm,0
3084,2,Shedd Aquarium,DSTO,>4cm,1
3084,2,Shedd Aquarium,EFAS,>4cm,0
3084,2,Shedd Aquarium,FAVI,<4cm,0
3084,2,Shedd Aquarium,FAVI,>4cm,0
3084,2,Shedd Aquarium,FFRA,>4cm,0
3084,2,Shedd Aquarium,MADR,<4cm,0
3084,2,Shedd Aquarium,MADR,>4cm,0
3084,2,Shedd Aquarium,MCAV,<4cm,1
3084,2,Shedd Aquarium,MCAV,>4cm,1
3084,2,Shedd Aquarium,MEAN,<4cm,0
3084,2,Shedd Aquarium,MMEA,>4cm,0
3084,2,Shedd Aquarium,MUSS,<4cm,0
3084,2,Shedd Aquarium,MYCE,>4cm,0
3084,2,Shedd Aquarium,ORBI,>4cm,0
3084,2,Shedd Aquarium,PORI,<4cm,0
3084,2,Shedd Aquarium,PORI,>4cm,4
3084,2,Shedd Aquarium,SCOL,>4cm,0
3084,2,Shedd Aquarium,SIDE,<4cm,5
3084,2,Shedd Aquarium,SIDE,>4cm,4
3084,2,Shedd Aquarium,SINT,<4cm,0
3084,2,Shedd Aquarium,SINT,>4cm,0
3084,2,Shedd Aquarium,SOLE,<4cm,0
3084,2,Shedd Aquarium,SOLE,>4cm,0
3084,3,Shedd Aquarium,DSTO,>4cm,0
3084,3,Shedd Aquarium,FAVI,<4cm,0
3084,3,Shedd Aquarium,FAVI,>4cm,0
3084,3,Shedd Aquarium,MANG,>4cm,0
3084,3,Shedd Aquarium,MCAV,<4cm,0
3084,3,Shedd Aquarium,MEAN,<4cm,0
3084,3,Shedd Aquarium,MMEA,>4cm,0
3084,3,Shedd Aquarium,MUSS,<4cm,3
3084,3,Shedd Aquarium,MYCE,>4cm,0
3085,1,Shedd Aquarium,ACER,>4cm,0
3085,1,Shedd Aquarium,AGAR,<4cm,0
3085,1,Shedd Aquarium,AGAR,>4cm,0
3085,1,Shedd Aquarium,DSTO,>4cm,1
3085,1,Shedd Aquarium,EFAS,>4cm,1
3085,1,Shedd Aquarium,FAVI,<4cm,0
3085,1,Shedd Aquarium,FAVI,>4cm,1
3085,1,Shedd Aquarium,FFRA,>4cm,0
3085,1,Shedd Aquarium,MADR,<4cm,1
3085,1,Shedd Aquarium,MADR,>4cm,0
3085,1,Shedd Aquarium,MCAV,<4cm,2
3085,1,Shedd Aquarium,MCAV,>4cm,0
3085,1,Shedd Aquarium,MEAN,<4cm,0
3085,1,Shedd Aquarium,MMEA,>4cm,0
3085,1,Shedd Aquarium,MUSS,<4cm,0
3085,1,Shedd Aquarium,MYCE,>4cm,1
3085,1,Shedd Aquarium,ORBI,>4cm,0
3085,1,Shedd Aquarium,PORI,<4cm,1
3085,1,Shedd Aquarium,PORI,>4cm,0
3085,1,Shedd Aquarium,SCOL,>4cm,0
3085,1,Shedd Aquarium,SIDE,<4cm,12
3085,1,Shedd Aquarium,SIDE,>4cm,6
3085,1,Shedd Aquarium,SINT,<4cm,1
3085,1,Shedd Aquarium,SINT,>4cm,0
3085,1,Shedd Aquarium,SOLE,<4cm,0
3085,1,Shedd Aquarium,SOLE,>4cm,0
3085,2,Shedd Aquarium,ACER,>4cm,0
3085,2,Shedd Aquarium,AGAR,<4cm,0
3085,2,Shedd Aquarium,AGAR,>4cm,0
3085,2,Shedd Aquarium,DSTO,>4cm,0
3085,2,Shedd Aquarium,EFAS,>4cm,0
3085,2,Shedd Aquarium,FAVI,<4cm,0
3085,2,Shedd Aquarium,FAVI,>4cm,1
3085,2,Shedd Aquarium,FFRA,>4cm,0
3085,2,Shedd Aquarium,MADR,<4cm,0
3085,2,Shedd Aquarium,MADR,>4cm,1
3085,2,Shedd Aquarium,MCAV,<4cm,2
3085,2,Shedd Aquarium,MCAV,>4cm,0
3085,2,Shedd Aquarium,MEAN,<4cm,0
3085,2,Shedd Aquarium,MMEA,>4cm,0
3085,2,Shedd Aquarium,MUSS,<4cm,0
3085,2,Shedd Aquarium,MYCE,>4cm,0
3085,2,Shedd Aquarium,ORBI,>4cm,0
3085,2,Shedd Aquarium,PORI,<4cm,1
3085,2,Shedd Aquarium,PORI,>4cm,0
3085,2,Shedd Aquarium,SCOL,>4cm,0
3085,2,Shedd Aquarium,SIDE,<4cm,5
3085,2,Shedd Aquarium,SIDE,>4cm,1
3085,2,Shedd Aquarium,SINT,<4cm,1
3085,2,Shedd Aquarium,SINT,>4cm,0
3085,2,Shedd Aquarium,SOLE,<4cm,0
3085,2,Shedd Aquarium,SOLE,>4cm,1
3085,3,Shedd Aquarium,DSTO,>4cm,0
3085,3,Shedd Aquarium,FAVI,<4cm,0
3085,3,Shedd Aquarium,FAVI,>4cm,0
3085,3,Shedd Aquarium,MANG,>4cm,0
3085,3,Shedd Aquarium,MCAV,<4cm,3
3085,3,Shedd Aquarium,MEAN,<4cm,0
3085,3,Shedd Aquarium,MMEA,>4cm,0
3085,3,Shedd Aquarium,MUSS,<4cm,0
3085,3,Shedd Aquarium,MYCE,>4cm,0
3086,1,Shedd Aquarium,ACER,>4cm,0
3086,1,Shedd Aquarium,AGAR,<4cm,0
3086,1,Shedd Aquarium,AGAR,>4cm,0
3086,1,Shedd Aquarium,DSTO,>4cm,0
3086,1,Shedd Aquarium,EFAS,>4cm,0
3086,1,Shedd Aquarium,FAVI,<4cm,0
3086,1,Shedd Aquarium,FAVI,>4cm,0
3086,1,Shedd Aquarium,FFRA,>4cm,0
3086,1,Shedd Aquarium,MADR,<4cm,0
3086,1,Shedd Aquarium,MADR,>4cm,0
3086,1,Shedd Aquarium,MCAV,<4cm,0
3086,1,Shedd Aquarium,MCAV,>4cm,1
3086,1,Shedd Aquarium,MEAN,<4cm,0
3086,1,Shedd Aquarium,MMEA,>4cm,0
3086,1,Shedd Aquarium,MUSS,<4cm,0
3086,1,Shedd Aquarium,MYCE,>4cm,0
3086,1,Shedd Aquarium,ORBI,>4cm,0
3086,1,Shedd Aquarium,PORI,<4cm,0
3086,1,Shedd Aquarium,PORI,>4cm,0
3086,1,Shedd Aquarium,SCOL,>4cm,0
3086,1,Shedd Aquarium,SIDE,<4cm,18
3086,1,Shedd Aquarium,SIDE,>4cm,1
3086,1,Shedd Aquarium,SINT,<4cm,1
3086,1,Shedd Aquarium,SINT,>4cm,1
3086,1,Shedd Aquarium,SOLE,<4cm,0
3086,1,Shedd Aquarium,SOLE,>4cm,0
3086,2,Shedd Aquarium,ACER,>4cm,0
3086,2,Shedd Aquarium,AGAR,<4cm,0
3086,2,Shedd Aquarium,AGAR,>4cm,0
3086,2,Shedd Aquarium,DSTO,>4cm,0
3086,2,Shedd Aquarium,EFAS,>4cm,0
3086,2,Shedd Aquarium,FAVI,<4cm,0
3086,2,Shedd Aquarium,FAVI,>4cm,1
3086,2,Shedd Aquarium,FFRA,>4cm,0
3086,2,Shedd Aquarium,MADR,<4cm,0
3086,2,Shedd Aquarium,MADR,>4cm,0
3086,2,Shedd Aquarium,MCAV,<4cm,3
3086,2,Shedd Aquarium,MCAV,>4cm,0
3086,2,Shedd Aquarium,MEAN,<4cm,0
3086,2,Shedd Aquarium,MMEA,>4cm,1
3086,2,Shedd Aquarium,MUSS,<4cm,0
3086,2,Shedd Aquarium,MYCE,>4cm,0
3086,2,Shedd Aquarium,ORBI,>4cm,0
3086,2,Shedd Aquarium,PORI,<4cm,1
3086,2,Shedd Aquarium,PORI,>4cm,3
3086,2,Shedd Aquarium,SCOL,>4cm,0
3086,2,Shedd Aquarium,SIDE,<4cm,16
3086,2,Shedd Aquarium,SIDE,>4cm,8
3086,2,Shedd Aquarium,SINT,<4cm,2
3086,2,Shedd Aquarium,SINT,>4cm,3
3086,2,Shedd Aquarium,SOLE,<4cm,1
3086,2,Shedd Aquarium,SOLE,>4cm,0
3087,1,Shedd Aquarium,ACER,>4cm,0
3087,1,Shedd Aquarium,AGAR,<4cm,0
3087,1,Shedd Aquarium,AGAR,>4cm,0
3087,1,Shedd Aquarium,DSTO,>4cm,0
3087,1,Shedd Aquarium,EFAS,>4cm,0
3087,1,Shedd Aquarium,FAVI,<4cm,0
3087,1,Shedd Aquarium,FAVI,>4cm,0
3087,1,Shedd Aquarium,FFRA,>4cm,0
3087,1,Shedd Aquarium,MADR,<4cm,0
3087,1,Shedd Aquarium,MADR,>4cm,0
3087,1,Shedd Aquarium,MCAV,<4cm,1
3087,1,Shedd Aquarium,MCAV,>4cm,1
3087,1,Shedd Aquarium,MEAN,<4cm,0
3087,1,Shedd Aquarium,MMEA,>4cm,1
3087,1,Shedd Aquarium,MUSS,<4cm,0
3087,1,Shedd Aquarium,MYCE,>4cm,0
3087,1,Shedd Aquarium,ORBI,>4cm,0
3087,1,Shedd Aquarium,PORI,<4cm,0
3087,1,Shedd Aquarium,PORI,>4cm,0
3087,1,Shedd Aquarium,SCOL,>4cm,0
3087,1,Shedd Aquarium,SIDE,<4cm,14
3087,1,Shedd Aquarium,SIDE,>4cm,1
3087,1,Shedd Aquarium,SINT,<4cm,0
3087,1,Shedd Aquarium,SINT,>4cm,1
3087,1,Shedd Aquarium,SOLE,<4cm,1
3087,1,Shedd Aquarium,SOLE,>4cm,0
3087,2,Shedd Aquarium,ACER,>4cm,0
3087,2,Shedd Aquarium,AGAR,<4cm,0
3087,2,Shedd Aquarium,AGAR,>4cm,0
3087,2,Shedd Aquarium,DSTO,>4cm,1
3087,2,Shedd Aquarium,EFAS,>4cm,0
3087,2,Shedd Aquarium,FAVI,<4cm,0
3087,2,Shedd Aquarium,FAVI,>4cm,0
3087,2,Shedd Aquarium,FFRA,>4cm,0
3087,2,Shedd Aquarium,MADR,<4cm,0
3087,2,Shedd Aquarium,MADR,>4cm,0
3087,2,Shedd Aquarium,MCAV,<4cm,1
3087,2,Shedd Aquarium,MCAV,>4cm,2
3087,2,Shedd Aquarium,MEAN,<4cm,0
3087,2,Shedd Aquarium,MMEA,>4cm,0
3087,2,Shedd Aquarium,MUSS,<4cm,0
3087,2,Shedd Aquarium,MYCE,>4cm,0
3087,2,Shedd Aquarium,ORBI,>4cm,0
3087,2,Shedd Aquarium,PORI,<4cm,1
3087,2,Shedd Aquarium,PORI,>4cm,1
3087,2,Shedd Aquarium,SCOL,>4cm,0
3087,2,Shedd Aquarium,SIDE,<4cm,5
3087,2,Shedd Aquarium,SIDE,>4cm,3
3087,2,Shedd Aquarium,SINT,<4cm,0
3087,2,Shedd Aquarium,SINT,>4cm,1
3087,2,Shedd Aquarium,SOLE,<4cm,0
3087,2,Shedd Aquarium,SOLE,>4cm,0
3088,1,Shedd Aquarium,ACER,>4cm,0
3088,1,Shedd Aquarium,AGAR,<4cm,0
3088,1,Shedd Aquarium,AGAR,>4cm,0
3088,1,Shedd Aquarium,DSTO,>4cm,0
3088,1,Shedd Aquarium,EFAS,>4cm,0
3088,1,Shedd Aquarium,FAVI,<4cm,0
3088,1,Shedd Aquarium,FAVI,>4cm,0
3088,1,Shedd Aquarium,FFRA,>4cm,0
3088,1,Shedd Aquarium,MADR,<4cm,0
3088,1,Shedd Aquarium,MADR,>4cm,0
3088,1,Shedd Aquarium,MCAV,<4cm,1
3088,1,Shedd Aquarium,MCAV,>4cm,2
3088,1,Shedd Aquarium,MEAN,<4cm,0
3088,1,Shedd Aquarium,MMEA,>4cm,0
3088,1,Shedd Aquarium,MUSS,<4cm,0
3088,1,Shedd Aquarium,MYCE,>4cm,0
3088,1,Shedd Aquarium,ORBI,>4cm,0
3088,1,Shedd Aquarium,PORI,<4cm,1
3088,1,Shedd Aquarium,PORI,>4cm,0
3088,1,Shedd Aquarium,SCOL,>4cm,0
3088,1,Shedd Aquarium,SIDE,<4cm,36
3088,1,Shedd Aquarium,SIDE,>4cm,0
3088,1,Shedd Aquarium,SINT,<4cm,1
3088,1,Shedd Aquarium,SINT,>4cm,2
3088,1,Shedd Aquarium,SOLE,<4cm,0
3088,1,Shedd Aquarium,SOLE,>4cm,0
3088,2,Shedd Aquarium,ACER,>4cm,0
3088,2,Shedd Aquarium,AGAR,<4cm,0
3088,2,Shedd Aquarium,AGAR,>4cm,1
3088,2,Shedd Aquarium,DSTO,>4cm,0
3088,2,Shedd Aquarium,EFAS,>4cm,0
3088,2,Shedd Aquarium,FAVI,<4cm,0
3088,2,Shedd Aquarium,FAVI,>4cm,1
3088,2,Shedd Aquarium,FFRA,>4cm,0
3088,2,Shedd Aquarium,MADR,<4cm,0
3088,2,Shedd Aquarium,MADR,>4cm,0
3088,2,Shedd Aquarium,MCAV,<4cm,3
3088,2,Shedd Aquarium,MCAV,>4cm,2
3088,2,Shedd Aquarium,MEAN,<4cm,0
3088,2,Shedd Aquarium,MMEA,>4cm,0
3088,2,Shedd Aquarium,MUSS,<4cm,0
3088,2,Shedd Aquarium,MYCE,>4cm,0
3088,2,Shedd Aquarium,ORBI,>4cm,0
3088,2,Shedd Aquarium,PORI,<4cm,3
3088,2,Shedd Aquarium,PORI,>4cm,1
3088,2,Shedd Aquarium,SCOL,>4cm,0
3088,2,Shedd Aquarium,SIDE,<4cm,7
3088,2,Shedd Aquarium,SIDE,>4cm,5
3088,2,Shedd Aquarium,SINT,<4cm,0
3088,2,Shedd Aquarium,SINT,>4cm,3
3088,2,Shedd Aquarium,SOLE,<4cm,0
3088,2,Shedd Aquarium,SOLE,>4cm,0
3088,3,Shedd Aquarium,DSTO,>4cm,0
3088,3,Shedd Aquarium,FAVI,<4cm,0
3088,3,Shedd Aquarium,FAVI,>4cm,0
3088,3,Shedd Aquarium,MANG,>4cm,0
3088,3,Shedd Aquarium,MCAV,<4cm,3
3088,3,Shedd Aquarium,MEAN,<4cm,0
3088,3,Shedd Aquarium,MMEA,>4cm,0
3088,3,Shedd Aquarium,MUSS,<4cm,0
3088,3,Shedd Aquarium,MYCE,>4cm,0
3088,4,Shedd Aquarium,DSTO,>4cm,0
3088,4,Shedd Aquarium,FAVI,<4cm,0
3088,4,Shedd Aquarium,FAVI,>4cm,0
3088,4,Shedd Aquarium,MANG,>4cm,0
3088,4,Shedd Aquarium,MCAV,<4cm,1
3088,4,Shedd Aquarium,MEAN,<4cm,0
3088,4,Shedd Aquarium,MMEA,>4cm,0
3088,4,Shedd Aquarium,MUSS,<4cm,0
3088,4,Shedd Aquarium,MYCE,>4cm,0
3089,1,Shedd Aquarium,ACER,>4cm,0
3089,1,Shedd Aquarium,AGAR,<4cm,0
3089,1,Shedd Aquarium,AGAR,>4cm,0
3089,1,Shedd Aquarium,DSTO,>4cm,0
3089,1,Shedd Aquarium,EFAS,>4cm,0
3089,1,Shedd Aquarium,FAVI,<4cm,0
3089,1,Shedd Aquarium,FAVI,>4cm,0
3089,1,Shedd Aquarium,FFRA,>4cm,0
3089,1,Shedd Aquarium,MADR,<4cm,0
3089,1,Shedd Aquarium,MADR,>4cm,0
3089,1,Shedd Aquarium,MCAV,<4cm,3
3089,1,Shedd Aquarium,MCAV,>4cm,8
3089,1,Shedd Aquarium,MEAN,<4cm,0
3089,1,Shedd Aquarium,MMEA,>4cm,0
3089,1,Shedd Aquarium,MUSS,<4cm,0
3089,1,Shedd Aquarium,MYCE,>4cm,0
3089,1,Shedd Aquarium,ORBI,>4cm,0
3089,1,Shedd Aquarium,PORI,<4cm,1
3089,1,Shedd Aquarium,PORI,>4cm,1
3089,1,Shedd Aquarium,SCOL,>4cm,0
3089,1,Shedd Aquarium,SIDE,<4cm,24
3089,1,Shedd Aquarium,SIDE,>4cm,9
3089,1,Shedd Aquarium,SINT,<4cm,0
3089,1,Shedd Aquarium,SINT,>4cm,3
3089,1,Shedd Aquarium,SOLE,<4cm,0
3089,1,Shedd Aquarium,SOLE,>4cm,0
3089,2,Shedd Aquarium,ACER,>4cm,0
3089,2,Shedd Aquarium,AGAR,<4cm,0
3089,2,Shedd Aquarium,AGAR,>4cm,0
3089,2,Shedd Aquarium,DSTO,>4cm,0
3089,2,Shedd Aquarium,EFAS,>4cm,0
3089,2,Shedd Aquarium,FAVI,<4cm,0
3089,2,Shedd Aquarium,FAVI,>4cm,0
3089,2,Shedd Aquarium,FFRA,>4cm,0
3089,2,Shedd Aquarium,MADR,<4cm,0
3089,2,Shedd Aquarium,MADR,>4cm,0
3089,2,Shedd Aquarium,MCAV,<4cm,1
3089,2,Shedd Aquarium,MCAV,>4cm,3
3089,2,Shedd Aquarium,MEAN,<4cm,0
3089,2,Shedd Aquarium,MMEA,>4cm,0
3089,2,Shedd Aquarium,MUSS,<4cm,0
3089,2,Shedd Aquarium,MYCE,>4cm,0
3089,2,Shedd Aquarium,ORBI,>4cm,0
3089,2,Shedd Aquarium,PORI,<4cm,0
3089,2,Shedd Aquarium,PORI,>4cm,4
3089,2,Shedd Aquarium,SCOL,>4cm,0
3089,2,Shedd Aquarium,SIDE,<4cm,11
3089,2,Shedd Aquarium,SIDE,>4cm,4
3089,2,Shedd Aquarium,SINT,<4cm,1
3089,2,Shedd Aquarium,SINT,>4cm,0
3089,2,Shedd Aquarium,SOLE,<4cm,0
3089,2,Shedd Aquarium,SOLE,>4cm,0
3089,3,Shedd Aquarium,DSTO,>4cm,0
3089,3,Shedd Aquarium,FAVI,<4cm,1
3089,3,Shedd Aquarium,FAVI,>4cm,0
3089,3,Shedd Aquarium,MANG,>4cm,0
3089,3,Shedd Aquarium,MCAV,<4cm,1
3089,3,Shedd Aquarium,MEAN,<4cm,0
3089,3,Shedd Aquarium,MMEA,>4cm,0
3089,3,Shedd Aquarium,MUSS,<4cm,0
3089,3,Shedd Aquarium,MYCE,>4cm,0
3089,4,Shedd Aquarium,DSTO,>4cm,0
3089,4,Shedd Aquarium,FAVI,<4cm,0
3089,4,Shedd Aquarium,FAVI,>4cm,0
3089,4,Shedd Aquarium,MANG,>4cm,0
3089,4,Shedd Aquarium,MCAV,<4cm,1
3089,4,Shedd Aquarium,MEAN,<4cm,0
3089,4,Shedd Aquarium,MMEA,>4cm,0
3089,4,Shedd Aquarium,MUSS,<4cm,0
3089,4,Shedd Aquarium,MYCE,>4cm,0
3090,1,Shedd Aquarium,ACER,>4cm,0
3090,1,Shedd Aquarium,AGAR,<4cm,0
3090,1,Shedd Aquarium,AGAR,>4cm,0
3090,1,Shedd Aquarium,DSTO,>4cm,0
3090,1,Shedd Aquarium,EFAS,>4cm,0
3090,1,Shedd Aquarium,FAVI,<4cm,0
3090,1,Shedd Aquarium,FAVI,>4cm,0
3090,1,Shedd Aquarium,FFRA,>4cm,0
3090,1,Shedd Aquarium,MADR,<4cm,0
3090,1,Shedd Aquarium,MADR,>4cm,0
3090,1,Shedd Aquarium,MCAV,<4cm,1
3090,1,Shedd Aquarium,MCAV,>4cm,2
3090,1,Shedd Aquarium,MEAN,<4cm,0
3090,1,Shedd Aquarium,MMEA,>4cm,0
3090,1,Shedd Aquarium,MUSS,<4cm,0
3090,1,Shedd Aquarium,MYCE,>4cm,0
3090,1,Shedd Aquarium,ORBI,>4cm,0
3090,1,Shedd Aquarium,PORI,<4cm,0
3090,1,Shedd Aquarium,PORI,>4cm,4
3090,1,Shedd Aquarium,SCOL,>4cm,0
3090,1,Shedd Aquarium,SIDE,<4cm,4
3090,1,Shedd Aquarium,SIDE,>4cm,3
3090,1,Shedd Aquarium,SINT,<4cm,0
3090,1,Shedd Aquarium,SINT,>4cm,2
3090,1,Shedd Aquarium,SOLE,<4cm,0
3090,1,Shedd Aquarium,SOLE,>4cm,0
3090,2,Shedd Aquarium,ACER,>4cm,0
3090,2,Shedd Aquarium,AGAR,<4cm,0
3090,2,Shedd Aquarium,AGAR,>4cm,0
3090,2,Shedd Aquarium,DSTO,>4cm,0
3090,2,Shedd Aquarium,EFAS,>4cm,0
3090,2,Shedd Aquarium,FAVI,<4cm,0
3090,2,Shedd Aquarium,FAVI,>4cm,0
3090,2,Shedd Aquarium,FFRA,>4cm,0
3090,2,Shedd Aquarium,MADR,<4cm,0
3090,2,Shedd Aquarium,MADR,>4cm,0
3090,2,Shedd Aquarium,MCAV,<4cm,0
3090,2,Shedd Aquarium,MCAV,>4cm,3
3090,2,Shedd Aquarium,MEAN,<4cm,0
3090,2,Shedd Aquarium,MMEA,>4cm,1
3090,2,Shedd Aquarium,MUSS,<4cm,0
3090,2,Shedd Aquarium,MYCE,>4cm,0
3090,2,Shedd Aquarium,ORBI,>4cm,0
3090,2,Shedd Aquarium,PORI,<4cm,0
3090,2,Shedd Aquarium,PORI,>4cm,1
3090,2,Shedd Aquarium,SCOL,>4cm,0
3090,2,Shedd Aquarium,SIDE,<4cm,4
3090,2,Shedd Aquarium,SIDE,>4cm,2
3090,2,Shedd Aquarium,SINT,<4cm,0
3090,2,Shedd Aquarium,SINT,>4cm,4
3090,2,Shedd Aquarium,SOLE,<4cm,0
3090,2,Shedd Aquarium,SOLE,>4cm,0
3090,3,Shedd Aquarium,DSTO,>4cm,0
3090,3,Shedd Aquarium,FAVI,<4cm,0
3090,3,Shedd Aquarium,FAVI,>4cm,0
3090,3,Shedd Aquarium,MANG,>4cm,0
3090,3,Shedd Aquarium,MCAV,<4cm,4
3090,3,Shedd Aquarium,MEAN,<4cm,0
3090,3,Shedd Aquarium,MMEA,>4cm,1
3090,3,Shedd Aquarium,MUSS,<4cm,0
3090,3,Shedd Aquarium,MYCE,>4cm,0
3090,4,Shedd Aquarium,DSTO,>4cm,0
3090,4,Shedd Aquarium,FAVI,<4cm,0
3090,4,Shedd Aquarium,FAVI,>4cm,0
3090,4,Shedd Aquarium,MANG,>4cm,0
3090,4,Shedd Aquarium,MCAV,<4cm,4
3090,4,Shedd Aquarium,MEAN,<4cm,2
3090,4,Shedd Aquarium,MMEA,>4cm,1
3090,4,Shedd Aquarium,MUSS,<4cm,0
3090,4,Shedd Aquarium,MYCE,>4cm,0
3091,1,Shedd Aquarium,ACER,>4cm,0
3091,1,Shedd Aquarium,AGAR,<4cm,0
3091,1,Shedd Aquarium,AGAR,>4cm,0
3091,1,Shedd Aquarium,DSTO,>4cm,0
3091,1,Shedd Aquarium,EFAS,>4cm,1
3091,1,Shedd Aquarium,FAVI,<4cm,0
3091,1,Shedd Aquarium,FAVI,>4cm,0
3091,1,Shedd Aquarium,FFRA,>4cm,0
3091,1,Shedd Aquarium,MADR,<4cm,0
3091,1,Shedd Aquarium,MADR,>4cm,2
3091,1,Shedd Aquarium,MCAV,<4cm,0
3091,1,Shedd Aquarium,MCAV,>4cm,1
3091,1,Shedd Aquarium,MEAN,<4cm,0
3091,1,Shedd Aquarium,MMEA,>4cm,3
3091,1,Shedd Aquarium,MUSS,<4cm,0
3091,1,Shedd Aquarium,MYCE,>4cm,0
3091,1,Shedd Aquarium,ORBI,>4cm,0
3091,1,Shedd Aquarium,PORI,<4cm,0
3091,1,Shedd Aquarium,PORI,>4cm,3
3091,1,Shedd Aquarium,SCOL,>4cm,0
3091,1,Shedd Aquarium,SIDE,<4cm,5
3091,1,Shedd Aquarium,SIDE,>4cm,1
3091,1,Shedd Aquarium,SINT,<4cm,0
3091,1,Shedd Aquarium,SINT,>4cm,1
3091,1,Shedd Aquarium,SOLE,<4cm,0
3091,1,Shedd Aquarium,SOLE,>4cm,0
3091,2,Shedd Aquarium,ACER,>4cm,0
3091,2,Shedd Aquarium,AGAR,<4cm,0
3091,2,Shedd Aquarium,AGAR,>4cm,0
3091,2,Shedd Aquarium,DSTO,>4cm,0
3091,2,Shedd Aquarium,EFAS,>4cm,0
3091,2,Shedd Aquarium,FAVI,<4cm,0
3091,2,Shedd Aquarium,FAVI,>4cm,0
3091,2,Shedd Aquarium,FFRA,>4cm,0
3091,2,Shedd Aquarium,MADR,<4cm,0
3091,2,Shedd Aquarium,MADR,>4cm,0
3091,2,Shedd Aquarium,MCAV,<4cm,0
3091,2,Shedd Aquarium,MCAV,>4cm,1
3091,2,Shedd Aquarium,MEAN,<4cm,0
3091,2,Shedd Aquarium,MMEA,>4cm,1
3091,2,Shedd Aquarium,MUSS,<4cm,0
3091,2,Shedd Aquarium,MYCE,>4cm,0
3091,2,Shedd Aquarium,ORBI,>4cm,0
3091,2,Shedd Aquarium,PORI,<4cm,0
3091,2,Shedd Aquarium,PORI,>4cm,1
3091,2,Shedd Aquarium,SCOL,>4cm,0
3091,2,Shedd Aquarium,SIDE,<4cm,0
3091,2,Shedd Aquarium,SIDE,>4cm,5
3091,2,Shedd Aquarium,SINT,<4cm,0
3091,2,Shedd Aquarium,SINT,>4cm,5
3091,2,Shedd Aquarium,SOLE,<4cm,0
3091,2,Shedd Aquarium,SOLE,>4cm,0
3091,4,Shedd Aquarium,DSTO,>4cm,0
3091,4,Shedd Aquarium,FAVI,<4cm,0
3091,4,Shedd Aquarium,FAVI,>4cm,0
3091,4,Shedd Aquarium,MANG,>4cm,0
3091,4,Shedd Aquarium,MCAV,<4cm,0
3091,4,Shedd Aquarium,MEAN,<4cm,0
3091,4,Shedd Aquarium,MMEA,>4cm,0
3091,4,Shedd Aquarium,MUSS,<4cm,0
3091,4,Shedd Aquarium,MYCE,>4cm,2
3092,1,Shedd Aquarium,ACER,>4cm,0
3092,1,Shedd Aquarium,AGAR,<4cm,0
3092,1,Shedd Aquarium,AGAR,>4cm,0
3092,1,Shedd Aquarium,DSTO,>4cm,0
3092,1,Shedd Aquarium,EFAS,>4cm,0
3092,1,Shedd Aquarium,FAVI,<4cm,0
3092,1,Shedd Aquarium,FAVI,>4cm,0
3092,1,Shedd Aquarium,FFRA,>4cm,0
3092,1,Shedd Aquarium,MADR,<4cm,0
3092,1,Shedd Aquarium,MADR,>4cm,0
3092,1,Shedd Aquarium,MCAV,<4cm,5
3092,1,Shedd Aquarium,MCAV,>4cm,2
3092,1,Shedd Aquarium,MEAN,<4cm,0
3092,1,Shedd Aquarium,MMEA,>4cm,0
3092,1,Shedd Aquarium,MUSS,<4cm,0
3092,1,Shedd Aquarium,MYCE,>4cm,0
3092,1,Shedd Aquarium,ORBI,>4cm,0
3092,1,Shedd Aquarium,PORI,<4cm,0
3092,1,Shedd Aquarium,PORI,>4cm,1
3092,1,Shedd Aquarium,SCOL,>4cm,0
3092,1,Shedd Aquarium,SIDE,<4cm,3
3092,1,Shedd Aquarium,SIDE,>4cm,1
3092,1,Shedd Aquarium,SINT,<4cm,0
3092,1,Shedd Aquarium,SINT,>4cm,0
3092,1,Shedd Aquarium,SOLE,<4cm,0
3092,1,Shedd Aquarium,SOLE,>4cm,0
3092,2,Shedd Aquarium,ACER,>4cm,0
3092,2,Shedd Aquarium,AGAR,<4cm,0
3092,2,Shedd Aquarium,AGAR,>4cm,0
3092,2,Shedd Aquarium,DSTO,>4cm,1
3092,2,Shedd Aquarium,EFAS,>4cm,0
3092,2,Shedd Aquarium,FAVI,<4cm,0
3092,2,Shedd Aquarium,FAVI,>4cm,0
3092,2,Shedd Aquarium,FFRA,>4cm,0
3092,2,Shedd Aquarium,MADR,<4cm,0
3092,2,Shedd Aquarium,MADR,>4cm,0
3092,2,Shedd Aquarium,MCAV,<4cm,1
3092,2,Shedd Aquarium,MCAV,>4cm,0
3092,2,Shedd Aquarium,MEAN,<4cm,0
3092,2,Shedd Aquarium,MMEA,>4cm,1
3092,2,Shedd Aquarium,MUSS,<4cm,0
3092,2,Shedd Aquarium,MYCE,>4cm,0
3092,2,Shedd Aquarium,ORBI,>4cm,0
3092,2,Shedd Aquarium,PORI,<4cm,1
3092,2,Shedd Aquarium,PORI,>4cm,1
3092,2,Shedd Aquarium,SCOL,>4cm,0
3092,2,Shedd Aquarium,SIDE,<4cm,21
3092,2,Shedd Aquarium,SIDE,>4cm,1
3092,2,Shedd Aquarium,SINT,<4cm,0
3092,2,Shedd Aquarium,SINT,>4cm,2
3092,2,Shedd Aquarium,SOLE,<4cm,0
3092,2,Shedd Aquarium,SOLE,>4cm,0
3092,3,Shedd Aquarium,DSTO,>4cm,0
3092,3,Shedd Aquarium,FAVI,<4cm,0
3092,3,Shedd Aquarium,FAVI,>4cm,0
3092,3,Shedd Aquarium,MANG,>4cm,0
3092,3,Shedd Aquarium,MCAV,<4cm,2
3092,3,Shedd Aquarium,MEAN,<4cm,0
3092,3,Shedd Aquarium,MMEA,>4cm,0
3092,3,Shedd Aquarium,MUSS,<4cm,0
3092,3,Shedd Aquarium,MYCE,>4cm,0
3092,4,Shedd Aquarium,DSTO,>4cm,0
3092,4,Shedd Aquarium,FAVI,<4cm,0
3092,4,Shedd Aquarium,FAVI,>4cm,0
3092,4,Shedd Aquarium,MANG,>4cm,0
3092,4,Shedd Aquarium,MCAV,<4cm,2
3092,4,Shedd Aquarium,MEAN,<4cm,0
3092,4,Shedd Aquarium,MMEA,>4cm,0
3092,4,Shedd Aquarium,MUSS,<4cm,0
3092,4,Shedd Aquarium,MYCE,>4cm,0
3093,1,Shedd Aquarium,ACER,>4cm,0
3093,1,Shedd Aquarium,AGAR,<4cm,0
3093,1,Shedd Aquarium,AGAR,>4cm,0
3093,1,Shedd Aquarium,DSTO,>4cm,0
3093,1,Shedd Aquarium,EFAS,>4cm,1
3093,1,Shedd Aquarium,FAVI,<4cm,0
3093,1,Shedd Aquarium,FAVI,>4cm,0
3093,1,Shedd Aquarium,FFRA,>4cm,0
3093,1,Shedd Aquarium,MADR,<4cm,0
3093,1,Shedd Aquarium,MADR,>4cm,1
3093,1,Shedd Aquarium,MCAV,<4cm,0
3093,1,Shedd Aquarium,MCAV,>4cm,2
3093,1,Shedd Aquarium,MEAN,<4cm,0
3093,1,Shedd Aquarium,MMEA,>4cm,0
3093,1,Shedd Aquarium,MUSS,<4cm,0
3093,1,Shedd Aquarium,MYCE,>4cm,0
3093,1,Shedd Aquarium,ORBI,>4cm,0
3093,1,Shedd Aquarium,PORI,<4cm,1
3093,1,Shedd Aquarium,PORI,>4cm,1
3093,1,Shedd Aquarium,SCOL,>4cm,0
3093,1,Shedd Aquarium,SIDE,<4cm,3
3093,1,Shedd Aquarium,SIDE,>4cm,0
3093,1,Shedd Aquarium,SINT,<4cm,0
3093,1,Shedd Aquarium,SINT,>4cm,2
3093,1,Shedd Aquarium,SOLE,<4cm,0
3093,1,Shedd Aquarium,SOLE,>4cm,0
3093,2,Shedd Aquarium,ACER,>4cm,0
3093,2,Shedd Aquarium,AGAR,<4cm,0
3093,2,Shedd Aquarium,AGAR,>4cm,0
3093,2,Shedd Aquarium,DSTO,>4cm,0
3093,2,Shedd Aquarium,EFAS,>4cm,0
3093,2,Shedd Aquarium,FAVI,<4cm,0
3093,2,Shedd Aquarium,FAVI,>4cm,0
3093,2,Shedd Aquarium,FFRA,>4cm,0
3093,2,Shedd Aquarium,MADR,<4cm,0
3093,2,Shedd Aquarium,MADR,>4cm,0
3093,2,Shedd Aquarium,MCAV,<4cm,0
3093,2,Shedd Aquarium,MCAV,>4cm,1
3093,2,Shedd Aquarium,MEAN,<4cm,0
3093,2,Shedd Aquarium,MMEA,>4cm,0
3093,2,Shedd Aquarium,MUSS,<4cm,0
3093,2,Shedd Aquarium,MYCE,>4cm,1
3093,2,Shedd Aquarium,ORBI,>4cm,0
3093,2,Shedd Aquarium,PORI,<4cm,1
3093,2,Shedd Aquarium,PORI,>4cm,1
3093,2,Shedd Aquarium,SCOL,>4cm,0
3093,2,Shedd Aquarium,SIDE,<4cm,2
3093,2,Shedd Aquarium,SIDE,>4cm,0
3093,2,Shedd Aquarium,SINT,<4cm,0
3093,2,Shedd Aquarium,SINT,>4cm,2
3093,2,Shedd Aquarium,SOLE,<4cm,0
3093,2,Shedd Aquarium,SOLE,>4cm,0
3093,3,Shedd Aquarium,DSTO,>4cm,0
3093,3,Shedd Aquarium,FAVI,<4cm,0
3093,3,Shedd Aquarium,FAVI,>4cm,0
3093,3,Shedd Aquarium,MANG,>4cm,0
3093,3,Shedd Aquarium,MCAV,<4cm,1
3093,3,Shedd Aquarium,MEAN,<4cm,0
3093,3,Shedd Aquarium,MMEA,>4cm,0
3093,3,Shedd Aquarium,MUSS,<4cm,0
3093,3,Shedd Aquarium,MYCE,>4cm,0
3094,1,Shedd Aquarium,ACER,>4cm,4
3094,1,Shedd Aquarium,AGAR,<4cm,0
3094,1,Shedd Aquarium,AGAR,>4cm,0
3094,1,Shedd Aquarium,DSTO,>4cm,0
3094,1,Shedd Aquarium,EFAS,>4cm,0
3094,1,Shedd Aquarium,FAVI,<4cm,0
3094,1,Shedd Aquarium,FAVI,>4cm,2
3094,1,Shedd Aquarium,FFRA,>4cm,0
3094,1,Shedd Aquarium,MADR,<4cm,0
3094,1,Shedd Aquarium,MADR,>4cm,0
3094,1,Shedd Aquarium,MCAV,<4cm,0
3094,1,Shedd Aquarium,MCAV,>4cm,0
3094,1,Shedd Aquarium,MEAN,<4cm,0
3094,1,Shedd Aquarium,MMEA,>4cm,1
3094,1,Shedd Aquarium,MUSS,<4cm,0
3094,1,Shedd Aquarium,MYCE,>4cm,0
3094,1,Shedd Aquarium,ORBI,>4cm,0
3094,1,Shedd Aquarium,PORI,<4cm,0
3094,1,Shedd Aquarium,PORI,>4cm,3
3094,1,Shedd Aquarium,SCOL,>4cm,0
3094,1,Shedd Aquarium,SIDE,<4cm,13
3094,1,Shedd Aquarium,SIDE,>4cm,1
3094,1,Shedd Aquarium,SINT,<4cm,0
3094,1,Shedd Aquarium,SINT,>4cm,0
3094,1,Shedd Aquarium,SOLE,<4cm,0
3094,1,Shedd Aquarium,SOLE,>4cm,1
3094,2,Shedd Aquarium,ACER,>4cm,0
3094,2,Shedd Aquarium,AGAR,<4cm,0
3094,2,Shedd Aquarium,AGAR,>4cm,0
3094,2,Shedd Aquarium,DSTO,>4cm,0
3094,2,Shedd Aquarium,EFAS,>4cm,0
3094,2,Shedd Aquarium,FAVI,<4cm,0
3094,2,Shedd Aquarium,FAVI,>4cm,0
3094,2,Shedd Aquarium,FFRA,>4cm,0
3094,2,Shedd Aquarium,MADR,<4cm,0
3094,2,Shedd Aquarium,MADR,>4cm,0
3094,2,Shedd Aquarium,MCAV,<4cm,0
3094,2,Shedd Aquarium,MCAV,>4cm,0
3094,2,Shedd Aquarium,MEAN,<4cm,0
3094,2,Shedd Aquarium,MMEA,>4cm,0
3094,2,Shedd Aquarium,MUSS,<4cm,0
3094,2,Shedd Aquarium,MYCE,>4cm,0
3094,2,Shedd Aquarium,ORBI,>4cm,0
3094,2,Shedd Aquarium,PORI,<4cm,5
3094,2,Shedd Aquarium,PORI,>4cm,0
3094,2,Shedd Aquarium,SCOL,>4cm,0
3094,2,Shedd Aquarium,SIDE,<4cm,9
3094,2,Shedd Aquarium,SIDE,>4cm,0
3094,2,Shedd Aquarium,SINT,<4cm,2
3094,2,Shedd Aquarium,SINT,>4cm,0
3094,2,Shedd Aquarium,SOLE,<4cm,0
3094,2,Shedd Aquarium,SOLE,>4cm,0
3094,3,Shedd Aquarium,DSTO,>4cm,1
3094,3,Shedd Aquarium,FAVI,<4cm,0
3094,3,Shedd Aquarium,FAVI,>4cm,0
3094,3,Shedd Aquarium,MANG,>4cm,0
3094,3,Shedd Aquarium,MCAV,<4cm,0
3094,3,Shedd Aquarium,MEAN,<4cm,0
3094,3,Shedd Aquarium,MMEA,>4cm,0
3094,3,Shedd Aquarium,MUSS,<4cm,0
3094,3,Shedd Aquarium,MYCE,>4cm,0
3095,1,Shedd Aquarium,ACER,>4cm,0
3095,1,Shedd Aquarium,AGAR,<4cm,0
3095,1,Shedd Aquarium,AGAR,>4cm,0
3095,1,Shedd Aquarium,DSTO,>4cm,0
3095,1,Shedd Aquarium,EFAS,>4cm,0
3095,1,Shedd Aquarium,FAVI,<4cm,0
3095,1,Shedd Aquarium,FAVI,>4cm,0
3095,1,Shedd Aquarium,FFRA,>4cm,0
3095,1,Shedd Aquarium,MADR,<4cm,0
3095,1,Shedd Aquarium,MADR,>4cm,0
3095,1,Shedd Aquarium,MCAV,<4cm,0
3095,1,Shedd Aquarium,MCAV,>4cm,0
3095,1,Shedd Aquarium,MEAN,<4cm,0
3095,1,Shedd Aquarium,MMEA,>4cm,0
3095,1,Shedd Aquarium,MUSS,<4cm,0
3095,1,Shedd Aquarium,MYCE,>4cm,0
3095,1,Shedd Aquarium,ORBI,>4cm,0
3095,1,Shedd Aquarium,PORI,<4cm,2
3095,1,Shedd Aquarium,PORI,>4cm,0
3095,1,Shedd Aquarium,SCOL,>4cm,0
3095,1,Shedd Aquarium,SIDE,<4cm,97
3095,1,Shedd Aquarium,SIDE,>4cm,0
3095,1,Shedd Aquarium,SINT,<4cm,2
3095,1,Shedd Aquarium,SINT,>4cm,0
3095,1,Shedd Aquarium,SOLE,<4cm,0
3095,1,Shedd Aquarium,SOLE,>4cm,0
3095,2,Shedd Aquarium,ACER,>4cm,0
3095,2,Shedd Aquarium,AGAR,<4cm,0
3095,2,Shedd Aquarium,AGAR,>4cm,0
3095,2,Shedd Aquarium,DSTO,>4cm,0
3095,2,Shedd Aquarium,EFAS,>4cm,0
3095,2,Shedd Aquarium,FAVI,<4cm,0
3095,2,Shedd Aquarium,FAVI,>4cm,0
3095,2,Shedd Aquarium,FFRA,>4cm,0
3095,2,Shedd Aquarium,MADR,<4cm,0
3095,2,Shedd Aquarium,MADR,>4cm,0
3095,2,Shedd Aquarium,MCAV,<4cm,0
3095,2,Shedd Aquarium,MCAV,>4cm,0
3095,2,Shedd Aquarium,MEAN,<4cm,0
3095,2,Shedd Aquarium,MMEA,>4cm,0
3095,2,Shedd Aquarium,MUSS,<4cm,0
3095,2,Shedd Aquarium,MYCE,>4cm,0
3095,2,Shedd Aquarium,ORBI,>4cm,0
3095,2,Shedd Aquarium,PORI,<4cm,1
3095,2,Shedd Aquarium,PORI,>4cm,0
3095,2,Shedd Aquarium,SCOL,>4cm,0
3095,2,Shedd Aquarium,SIDE,<4cm,25
3095,2,Shedd Aquarium,SIDE,>4cm,0
3095,2,Shedd Aquarium,SINT,<4cm,0
3095,2,Shedd Aquarium,SINT,>4cm,0
3095,2,Shedd Aquarium,SOLE,<4cm,0
3095,2,Shedd Aquarium,SOLE,>4cm,0
3096,1,Shedd Aquarium,ACER,>4cm,7
3096,1,Shedd Aquarium,AGAR,<4cm,0
3096,1,Shedd Aquarium,AGAR,>4cm,0
3096,1,Shedd Aquarium,DSTO,>4cm,0
3096,1,Shedd Aquarium,EFAS,>4cm,0
3096,1,Shedd Aquarium,FAVI,<4cm,0
3096,1,Shedd Aquarium,FAVI,>4cm,0
3096,1,Shedd Aquarium,FFRA,>4cm,0
3096,1,Shedd Aquarium,MADR,<4cm,0
3096,1,Shedd Aquarium,MADR,>4cm,0
3096,1,Shedd Aquarium,MCAV,<4cm,0
3096,1,Shedd Aquarium,MCAV,>4cm,0
3096,1,Shedd Aquarium,MEAN,<4cm,0
3096,1,Shedd Aquarium,MMEA,>4cm,0
3096,1,Shedd Aquarium,MUSS,<4cm,0
3096,1,Shedd Aquarium,MYCE,>4cm,0
3096,1,Shedd Aquarium,ORBI,>4cm,0
3096,1,Shedd Aquarium,PORI,<4cm,0
3096,1,Shedd Aquarium,PORI,>4cm,1
3096,1,Shedd Aquarium,SCOL,>4cm,0
3096,1,Shedd Aquarium,SIDE,<4cm,3
3096,1,Shedd Aquarium,SIDE,>4cm,1
3096,1,Shedd Aquarium,SINT,<4cm,0
3096,1,Shedd Aquarium,SINT,>4cm,0
3096,1,Shedd Aquarium,SOLE,<4cm,0
3096,1,Shedd Aquarium,SOLE,>4cm,0
3096,2,Shedd Aquarium,ACER,>4cm,7
3096,2,Shedd Aquarium,AGAR,<4cm,0
3096,2,Shedd Aquarium,AGAR,>4cm,0
3096,2,Shedd Aquarium,DSTO,>4cm,0
3096,2,Shedd Aquarium,EFAS,>4cm,0
3096,2,Shedd Aquarium,FAVI,<4cm,0
3096,2,Shedd Aquarium,FAVI,>4cm,1
3096,2,Shedd Aquarium,FFRA,>4cm,0
3096,2,Shedd Aquarium,MADR,<4cm,0
3096,2,Shedd Aquarium,MADR,>4cm,0
3096,2,Shedd Aquarium,MCAV,<4cm,0
3096,2,Shedd Aquarium,MCAV,>4cm,0
3096,2,Shedd Aquarium,MEAN,<4cm,0
3096,2,Shedd Aquarium,MMEA,>4cm,0
3096,2,Shedd Aquarium,MUSS,<4cm,0
3096,2,Shedd Aquarium,MYCE,>4cm,0
3096,2,Shedd Aquarium,ORBI,>4cm,0
3096,2,Shedd Aquarium,PORI,<4cm,0
3096,2,Shedd Aquarium,PORI,>4cm,4
3096,2,Shedd Aquarium,SCOL,>4cm,0
3096,2,Shedd Aquarium,SIDE,<4cm,2
3096,2,Shedd Aquarium,SIDE,>4cm,0
3096,2,Shedd Aquarium,SINT,<4cm,0
3096,2,Shedd Aquarium,SINT,>4cm,0
3096,2,Shedd Aquarium,SOLE,<4cm,0
3096,2,Shedd Aquarium,SOLE,>4cm,1
3096,4,Shedd Aquarium,DSTO,>4cm,0
3096,4,Shedd Aquarium,FAVI,<4cm,0
3096,4,Shedd Aquarium,FAVI,>4cm,1
3096,4,Shedd Aquarium,MANG,>4cm,0
3096,4,Shedd Aquarium,MCAV,<4cm,0
3096,4,Shedd Aquarium,MEAN,<4cm,0
3096,4,Shedd Aquarium,MMEA,>4cm,0
3096,4,Shedd Aquarium,MUSS,<4cm,0
3096,4,Shedd Aquarium,MYCE,>4cm,0
3097,1,Shedd Aquarium,ACER,>4cm,0
3097,1,Shedd Aquarium,AGAR,<4cm,0
3097,1,Shedd Aquarium,AGAR,>4cm,1
3097,1,Shedd Aquarium,DSTO,>4cm,0
3097,1,Shedd Aquarium,EFAS,>4cm,0
3097,1,Shedd Aquarium,FAVI,<4cm,0
3097,1,Shedd Aquarium,FAVI,>4cm,1
3097,1,Shedd Aquarium,FFRA,>4cm,0
3097,1,Shedd Aquarium,MADR,<4cm,0
3097,1,Shedd Aquarium,MADR,>4cm,0
3097,1,Shedd Aquarium,MCAV,<4cm,2
3097,1,Shedd Aquarium,MCAV,>4cm,0
3097,1,Shedd Aquarium,MEAN,<4cm,0
3097,1,Shedd Aquarium,MMEA,>4cm,0
3097,1,Shedd Aquarium,MUSS,<4cm,0
3097,1,Shedd Aquarium,MYCE,>4cm,0
3097,1,Shedd Aquarium,ORBI,>4cm,0
3097,1,Shedd Aquarium,PORI,<4cm,0
3097,1,Shedd Aquarium,PORI,>4cm,4
3097,1,Shedd Aquarium,SCOL,>4cm,0
3097,1,Shedd Aquarium,SIDE,<4cm,13
3097,1,Shedd Aquarium,SIDE,>4cm,1
3097,1,Shedd Aquarium,SINT,<4cm,0
3097,1,Shedd Aquarium,SINT,>4cm,1
3097,1,Shedd Aquarium,SOLE,<4cm,0
3097,1,Shedd Aquarium,SOLE,>4cm,1
3097,2,Shedd Aquarium,ACER,>4cm,0
3097,2,Shedd Aquarium,AGAR,<4cm,0
3097,2,Shedd Aquarium,AGAR,>4cm,0
3097,2,Shedd Aquarium,DSTO,>4cm,0
3097,2,Shedd Aquarium,EFAS,>4cm,0
3097,2,Shedd Aquarium,FAVI,<4cm,0
3097,2,Shedd Aquarium,FAVI,>4cm,0
3097,2,Shedd Aquarium,FFRA,>4cm,0
3097,2,Shedd Aquarium,MADR,<4cm,0
3097,2,Shedd Aquarium,MADR,>4cm,0
3097,2,Shedd Aquarium,MCAV,<4cm,0
3097,2,Shedd Aquarium,MCAV,>4cm,1
3097,2,Shedd Aquarium,MEAN,<4cm,0
3097,2,Shedd Aquarium,MMEA,>4cm,0
3097,2,Shedd Aquarium,MUSS,<4cm,0
3097,2,Shedd Aquarium,MYCE,>4cm,0
3097,2,Shedd Aquarium,ORBI,>4cm,0
3097,2,Shedd Aquarium,PORI,<4cm,0
3097,2,Shedd Aquarium,PORI,>4cm,1
3097,2,Shedd Aquarium,SCOL,>4cm,0
3097,2,Shedd Aquarium,SIDE,<4cm,5
3097,2,Shedd Aquarium,SIDE,>4cm,1
3097,2,Shedd Aquarium,SINT,<4cm,0
3097,2,Shedd Aquarium,SINT,>4cm,1
3097,2,Shedd Aquarium,SOLE,<4cm,0
3097,2,Shedd Aquarium,SOLE,>4cm,0
3097,4,Shedd Aquarium,DSTO,>4cm,1
3097,4,Shedd Aquarium,FAVI,<4cm,0
3097,4,Shedd Aquarium,FAVI,>4cm,0
3097,4,Shedd Aquarium,MANG,>4cm,0
3097,4,Shedd Aquarium,MCAV,<4cm,0
3097,4,Shedd Aquarium,MEAN,<4cm,0
3097,4,Shedd Aquarium,MMEA,>4cm,0
3097,4,Shedd Aquarium,MUSS,<4cm,0
3097,4,Shedd Aquarium,MYCE,>4cm,0
3110,1,Shedd Aquarium,ACER,>4cm,0
3110,1,Shedd Aquarium,AGAR,<4cm,0
3110,1,Shedd Aquarium,AGAR,>4cm,0
3110,1,Shedd Aquarium,DSTO,>4cm,0
3110,1,Shedd Aquarium,EFAS,>4cm,0
3110,1,Shedd Aquarium,FAVI,<4cm,0
3110,1,Shedd Aquarium,FAVI,>4cm,0
3110,1,Shedd Aquarium,FFRA,>4cm,1
3110,1,Shedd Aquarium,MADR,<4cm,0
3110,1,Shedd Aquarium,MADR,>4cm,0
3110,1,Shedd Aquarium,MCAV,<4cm,1
3110,1,Shedd Aquarium,MCAV,>4cm,2
3110,1,Shedd Aquarium,MEAN,<4cm,0
3110,1,Shedd Aquarium,MMEA,>4cm,0
3110,1,Shedd Aquarium,MUSS,<4cm,0
3110,1,Shedd Aquarium,MYCE,>4cm,0
3110,1,Shedd Aquarium,ORBI,>4cm,0
3110,1,Shedd Aquarium,PORI,<4cm,0
3110,1,Shedd Aquarium,PORI,>4cm,2
3110,1,Shedd Aquarium,SCOL,>4cm,0
3110,1,Shedd Aquarium,SIDE,<4cm,8
3110,1,Shedd Aquarium,SIDE,>4cm,5
3110,1,Shedd Aquarium,SINT,<4cm,1
3110,1,Shedd Aquarium,SINT,>4cm,0
3110,1,Shedd Aquarium,SOLE,<4cm,0
3110,1,Shedd Aquarium,SOLE,>4cm,1
3110,2,Shedd Aquarium,ACER,>4cm,0
3110,2,Shedd Aquarium,AGAR,<4cm,0
3110,2,Shedd Aquarium,AGAR,>4cm,0
3110,2,Shedd Aquarium,DSTO,>4cm,0
3110,2,Shedd Aquarium,EFAS,>4cm,0
3110,2,Shedd Aquarium,FAVI,<4cm,0
3110,2,Shedd Aquarium,FAVI,>4cm,0
3110,2,Shedd Aquarium,FFRA,>4cm,0
3110,2,Shedd Aquarium,MADR,<4cm,0
3110,2,Shedd Aquarium,MADR,>4cm,0
3110,2,Shedd Aquarium,MCAV,<4cm,2
3110,2,Shedd Aquarium,MCAV,>4cm,3
3110,2,Shedd Aquarium,MEAN,<4cm,0
3110,2,Shedd Aquarium,MMEA,>4cm,0
3110,2,Shedd Aquarium,MUSS,<4cm,0
3110,2,Shedd Aquarium,MYCE,>4cm,0
3110,2,Shedd Aquarium,ORBI,>4cm,0
3110,2,Shedd Aquarium,PORI,<4cm,1
3110,2,Shedd Aquarium,PORI,>4cm,0
3110,2,Shedd Aquarium,SCOL,>4cm,1
3110,2,Shedd Aquarium,SIDE,<4cm,12
3110,2,Shedd Aquarium,SIDE,>4cm,5
3110,2,Shedd Aquarium,SINT,<4cm,0
3110,2,Shedd Aquarium,SINT,>4cm,1
3110,2,Shedd Aquarium,SOLE,<4cm,0
3110,2,Shedd Aquarium,SOLE,>4cm,0
3110,3,Shedd Aquarium,DSTO,>4cm,0
3110,3,Shedd Aquarium,FAVI,<4cm,0
3110,3,Shedd Aquarium,FAVI,>4cm,2
3110,3,Shedd Aquarium,MANG,>4cm,0
3110,3,Shedd Aquarium,MCAV,<4cm,1
3110,3,Shedd Aquarium,MEAN,<4cm,0
3110,3,Shedd Aquarium,MMEA,>4cm,0
3110,3,Shedd Aquarium,MUSS,<4cm,0
3110,3,Shedd Aquarium,MYCE,>4cm,0
3110,4,Shedd Aquarium,DSTO,>4cm,1
3110,4,Shedd Aquarium,FAVI,<4cm,0
3110,4,Shedd Aquarium,FAVI,>4cm,0
3110,4,Shedd Aquarium,MANG,>4cm,0
3110,4,Shedd Aquarium,MCAV,<4cm,4
3110,4,Shedd Aquarium,MEAN,<4cm,0
3110,4,Shedd Aquarium,MMEA,>4cm,0
3110,4,Shedd Aquarium,MUSS,<4cm,0
3110,4,Shedd Aquarium,MYCE,>4cm,0
