site,taxon,max_width_cm
na5,SRAD,2
na5,SRAD,2
na5,SBOU,12
na5,SBOU,15
na5,SRAD,2
na5,SRAD,3
na5,SRAD,2
na5,SRAD,2
na5,SSID,2
na5,SSID,2
na5,SSID,1
na5,SSID,1
na5,SSID,1
na5,SSID,2
na5,SSID,2
na5,SSID,2
na5,SSID,3
na5,SSID,2
na5,SSID,2
na5,SSID,1
na5,SSID,2
na5,SSID,2
na5,SSID,3
na7,SSID,2
na7,SSID,1
na7,SSID,1
na7,SSID,1
na7,SSID,2
na7,SSID,2
na7,SSID,1
na7,SSID,1
na7,SSID,1
na7,SSID,1
na7,SSID,1
na7,SSID,2
na7,SSID,2
na7,SSID,2
na7,SSID,1
na7,SSID,2
na7,SSID,1
na7,SSID,1
na7,SSID,2
na7,SSID,2
na7,SSID,3
na7,SSID,1
na7,SSID,1
na7,SSID,2
na7,SSID,2
na7,SSID,2
na7,SSID,1
na7,SSID,1
na7,SSID,1
na7,SSID,1
na7,SSID,3
na7,SSID,3
na7,SSID,1
na7,SRAD,2
na7,SRAD,2
na7,SSID,7
na7,SSID,2
na7,SSID,2
na7,SSID,2
na7,SSID,1
na7,SSID,1
na7,SRAD,4
na7,SRAD,2
na7,SRAD,2
na7,SRAD,3
na7,SRAD,5
na7,SBOU,15
na7,SRAD,1
na7,SRAD,5
na7,SRAD,2
na7,SRAD,3
na7,SRAD,3
na7,SRAD,4
na7,SRAD,3
na7,SRAD,3
na7,SRAD,3
na7,SRAD,4
na7,SRAD,3
na7,SRAD,2
na7,SRAD,2
na7,SRAD,1
na7,SRAD,1
na7,SRAD,1
na7,SRAD,2
na7,SRAD,2
na6,SSID,2
na6,SRAD,2
na6,SSID,2
na6,SSID,2
na6,SSID,1
na6,SSID,1
na6,SSID,1
na6,SSID,2
na6,SSID,3
na6,SSID,1
na6,SSID,4
na6,SRAD,3
na6,SRAD,3
na6,SRAD,6
na6,SRAD,5
na6,SRAD,3
na6,SRAD,2
na6,SRAD,3
na6,SRAD,4
na6,SRAD,4
na6,SRAD,4
na6,SRAD,3
na6,SRAD,3
na4,SSID,1
na4,SSID,1
na4,SSID,1
na4,SSID,1
na4,SSID,1
na4,SSID,1
na4,SSID,1
na4,SSID,1
na4,SSID,3
na4,SSID,1
na4,SSID,1
na4,SSID,1
na4,SSID,1
na4,SSID,1
na4,SSID,1
na4,PPOR,1
na4,SSID,1
na4,SSID,1
na4,SSID,1
na4,SSID,1
na4,SSID,1
na4,SSID,1
na4,SSID,3
na4,SSID,2
na4,SSID,1
na4,SSID,1
na4,SSID,1
na4,SSID,1
na4,SSID,3
na4,PPOR,3
na4,PPOR,6
na4,SSID,1
na4,SSID,1
na4,SSID,1
na4,SSID,1
na4,SSID,1
na4,SSID,1
na4,SSID,1
na4,SSID,2
na4,SSID,2
na4,SSID,2
na4,SSID,2
na4,SSID,2
na4,SSID,1
na4,SSID,1
na4,SSID,1
na4,SSID,1
na4,SSID,1
na4,SSID,3
na4,SSID,2
na4,SSID,2
na4,SSID,1
na4,SSID,1
na3,SINT,4
na3,SSID,1
na3,SSID,1
na3,SSID,1
na3,SSID,1
na3,SSID,1
na3,SSID,1
na3,SSID,1
na3,SSID,2
na3,SSID,2
na3,SSID,2
na3,SSID,3
na3,SRAD,2
na3,SSID,1
na3,MCAV,4
na3,SRAD,2
na3,SRAD,2
na3,MCAV,5
na3,DSTO,8
na3,SRAD,3
na3,SSID,2
na3,SSID,1
na3,SSID,1
na3,SSID,3
na3,SSID,2
na3,SSID,1
na3,SSID,1
na3,MCAV,6
na3,SRAD,2
na3,MCAV,7
na2,PSTR,12
na2,MCAV,5
na2,MCAV,8
na2,SINT,10
na2,SRAD,2
na2,OROB,2
na2,MCAV,5
na2,DSTO,8
na2,MCAV,7
na2,SBOU,10
na2,SSID,5
na2,MCAV,5
na8,SSID,1
na8,SSID,1
na8,SSID,1
na8,SSID,1
na8,SSID,1
na8,SSID,1
na8,SSID,1
na8,SSID,1
na8,SSID,2
na8,SSID,2
na8,SSID,1
na8,SSID,2
na8,SSID,2
na8,SSID,2
na8,SSID,1
na8,SSID,1
na8,SSID,1
na8,SSID,1
na8,SSID,1
na8,SSID,1
na8,SSID,1
na8,SSID,1
na8,SSID,1
na8,SSID,1
na8,PPOR,3
na8,SRAD,1
na8,SRAD,1
na8,SRAD,1
na8,SRAD,1
na8,SRAD,3
na8,SRAD,2
na8,PORI,1
na8,SRAD,2
na8,SRAD,1
na8,SRAD,2
na8,SRAD,2
na8,SRAD,2
na8,SRAD,1
na8,SRAD,2
na8,SRAD,2
na8,SRAD,3
na8,SRAD,2
na8,SRAD,1
na8,SRAD,3
na8,SRAD,2
na8,SRAD,1
na8,SRAD,1
na8,SRAD,3
na8,SRAD,2
na8,SRAD,1
na8,SRAD,1
na8,SRAD,3
na8,SRAD,3
na1,SSID,1
na1,SSID,2
na1,SSID,1
na1,SSID,2
na1,SSID,1
na1,SSID,2
nc1,PPOR,2
nc1,SSID,3
nc1,SBOU,5
nc1,SRAD,2
nc1,SSID,3
nc2,PPOR,5
nc2,SRAD,2
nc2,SRAD,2
nc2,SRAD,4
nc2,SRAD,5
nc2,SRAD,2
nc2,SSID,4
nc3,PPOR,10
nc3,SSID,3
nc3,SRAD,3
sd1,SRAD,2
sd1,SRAD,5
sd1,SSID,3
na1,SRAD,2
na1,SRAD,2
na1,SRAD,3
na1,SRAD,3
na1,SRAD,1
na1,SRAD,1
na1,SRAD,4
na1,SRAD,3
na1,SRAD,1
na1,SRAD,3
na1,SRAD,2
na1,SRAD,3
na1,SRAD,1
na1,SRAD,2
na1,SRAD,1
sc2,SSID,7
sc2,SSID,5
sc2,SSID,4
sc2,SINT,8
sc2,SBOU,4
sc2,SINT,1
sc2,DSTO,10
sc2,SBOU,2
sc2,SRAD,1
sc2,SSID,1
sc2,SSID,1
sc2,SSID,1
sc2,SSID,1
sd1,SINT,3
sd1,SSID,4
sd1,SBOU,3
sd1,SSID,1
sd1,SBOU,5
sd1,SBOU,1
nc3,SRAD,3
nc3,SSID,3
si5,SSID,5
si5,PAST,5
si5,MCAV,3
si5,PAST,5
si5,PAST,3
si5,PAST,4
si5,SINT,2
si5,SRAD,1
si5,PPOR,2
si5,SINT,6
si5,SSID,3
si5,SSID,3
si5,PAST,3
si5,SINT,5
si5,PPOR,2
si5,PAST,12
si5,SRAD,5
si5,MCAV,1
si5,PAST,3
si5,SRAD,1
si5,SRAD,1
si5,SRAD,2
si5,SRAD,4
si5,SINT,5
si5,SSID,3
si5,SSID,2
si5,SSID,1
si5,SRAD,5
si5,MCAV,8
si5,MCAV,3
si5,PPOR,2
si5,MCAV,6
si5,SRAD,5
si5,SSID,3
si5,PAST,3
si5,PAST,3
si5,PAST,3
si5,SRAD,2
si5,SINT,7
si5,PAST,5
si5,SRAD,4
si5,SSID,10
si5,SRAD,4
si5,PAST,5
si5,PAST,5
si5,SBOU,5
si5,SSID,10
si5,SRAD,5
si5,PAST,10
si5,SSID,10
si5,SSID,4
si5,MCAV,19
si5,PPOR,3
si5,SSID,2
si5,SSID,2
si5,PPOR,3
si5,PAST,7
si5,MCAV,4
si5,SSID,3
si5,PAST,2
si5,PAST,2
si5,PAST,6
si5,MCAV,8
si5,MCAV,11
si5,SSID,3
si6,SSID,1
si6,SSID,1
si6,PAST,2
si6,PAST,2
si6,SINT,4
si6,MCAV,4
si6,SSID,2
si6,PAST,10
si6,PAST,1
si6,PAST,2
si6,PAST,4
si6,SINT,5
si6,SINT,5
si6,SSID,2
si6,MCAV,3
si6,PAST,10
si6,SSID,5
si6,PAST,10
si6,PAST,3
si6,SSID,3
si6,SINT,3
si6,PAST,1
si6,PAST,10
si6,SSID,3
si6,SSID,1
si6,PAST,5
si6,PAST,10
si6,PAST,2
si6,SSID,8
si6,SSID,6
si6,PAST,8
si6,PAST,4
si6,SSID,10
si6,PAST,15
si7,SSID,4
si7,MCAV,6
si7,PPOR,2
si7,SSID,4
si7,SSID,2
si7,SSID,1
si7,SSID,3
si7,SSID,10
si7,PPOR,4
si7,PPOR,3
si7,SSID,1
si7,SSID,2
si7,PAST,4
si7,PPOR,1
si7,PPOR,3
si7,PAST,6
si7,SRAD,3
si7,SRAD,3
si7,PAST,10
si7,MCAV,5
si7,SRAD,5
nf8,SINT,5
nf8,PSTR,10
nf8,SINT,5
nf8,MMEA,10
nf8,MCAV,3
nf8,SINT,3
nf8,MCAV,5
nf8,SSID,5
nf8,SINT,4
nf8,SINT,5
nf8,SSID,2
nf8,SSID,5
nf8,SSID,4
nf8,SINT,2
nf8,SSID,3
nf8,SINT,5
nf7,MMEA,11
nf7,SSID,5
nf7,SINT,7
nf7,SINT,10
nf7,SSID,8
nf7,SSID,5
nd4,SRAD,1
nd4,SRAD,2
nd4,SRAD,3
nd4,SINT,15
nd4,SRAD,4
nd4,SINT,2
nd4,SINT,5
nd4,SRAD,2
nd4,SSID,1
nd4,SRAD,3
nd4,MCAV,2
nd4,SRAD,2
nd4,SRAD,3
nd4,SRAD,2
nd4,SRAD,2
nd4,SRAD,3
nd4,SINT,6
nd4,SRAD,3
nd4,PAST,4
nd4,SRAD,2
nd4,SRAD,2
nd3,DSTO,13
nd3,SINT,10
nd3,SRAD,2
nd3,SRAD,2
nd3,SRAD,1
nd3,SRAD,3
nd3,SRAD,3
nd3,SRAD,2
nd3,SINT,6
nd3,SSID,2.5
nd3,SSID,2
nd3,SSID,1
nd3,SRAD,2
nd3,SRAD,1
nd3,SRAD,1
nd3,SRAD,1
nd3,SRAD,1
nd3,SRAD,2
sf2,SSID,10
sf2,MCAV,3
sf2,SINT,2
sf2,SINT,2
sf2,SSID,2
sf2,SSID,3
sf2,MCAV,2
sf2,MCAV,15
sf2,SSID,7
sf2,PAST,10
sf2,SSID,6
sf2,SSID,6
sf2,SSID,5
sf2,SINT,13
sf2,SSID,5
sf2,PAST,4
sf2,PPOR,3
sf2,PPOR,5
sf2,PPOR,7
sf2,PAST,3
sf2,SSID,6
sf2,PAST,14
sf2,PAST,5
sf2,PAST,7
sf2,ALAM,4
sf2,ALAM,10
sf2,AAGA,9
sf2,AAGA,6
sf2,ALAM,11
sf2,SSID,2
sf2,SSID,5
sf2,SSID,10
sf2,SINT,4
sf2,MCAV,3
sf2,AAGA,11
sf2,SINT,4
sf2,SINT,10
sf2,SSID,7
sf2,SSID,15
nd2,SINT,2
nd2,SSID,2
nd2,SSID,2
nd2,SSID,2
nd2,SRAD,3
nd2,MCAV,6
nd2,SSID,10
nd2,MCAV,6
nd2,SSID,3
nd2,SSID,3
nd2,SSID,3
nd2,SSID,3
nd2,MCAV,18
nd2,SSID,1
nd2,SRAD,2
nd2,SRAD,2
nd2,SRAD,2
nd2,SRAD,2
nd2,SRAD,2
nd2,SRAD,2
nd2,SRAD,2
nd2,MCAV,2
nd2,SSID,10
nd2,MCAV,15
nd2,SRAD,2
nd2,SRAD,2
nd2,SRAD,2
nd2,SRAD,2
nd2,SRAD,2
nd2,SRAD,1
nd2,SRAD,1
nd2,SSID,5
nd2,SSID,5
nd2,SSID,5
nd2,SRAD,2
nd2,SRAD,2
nd2,MCAV,10
nd2,SRAD,1
nd2,SRAD,1
nd2,SRAD,1
nd2,SRAD,3
nd2,SRAD,3
nd2,SRAD,3
sf1,SSID,4
sf1,SSID,4
sf1,SSID,4
sf1,MCAV,4
sf1,MCAV,4
sf1,SINT,12
sf1,SSID,2
sf1,SSID,2
sf1,SSID,2
sf1,SINT,1
sf1,SRAD,1
sf1,SRAD,6
sf1,MCAV,4
sf1,MCAV,4
sf1,SSID,5
sf1,SSID,5
sf1,SSID,5
sf1,SSID,1
sf1,SSID,1
sf1,SSID,1
sf1,SSID,1
sf1,SSID,1
sf1,SINT,5
sf1,SINT,5
sf1,SINT,5
sf1,SINT,6
sf1,PAST,1
sf1,SSID,3
sf1,SSID,6
sf1,MCAV,1
sf1,MDEC,5
sf1,SSID,2
sf1,PSTR,20
sf1,SSID,1
sf1,SSID,4
sf1,MCAV,2
sf1,SSID,6
sf1,SSID,3
sf1,SINT,8
sf1,SSID,6
sf1,SSID,6
sf1,SSID,6
sf1,SSID,9
sf1,DSTO,4
sf1,PSTR,7
sf1,DSTO,3
sf1,SSID,6
sf1,SSID,2
sf1,SSID,5
sf1,SSID,3
sf1,SRAD,1
sf1,SSID,1
sf1,SSID,5
sf1,SINT,3
sf1,SSID,1
sf1,SSID,2
sf1,SSID,2
sf1,SSID,2
sf1,PAST,14
sf1,SSID,2
sf1,PAST,5
sf1,OFRA,27
sf1,MCAV,20
sf1,AAGA,5
sf1,MCAV,4
sf1,PAST,12
sf1,SSID,1
sf1,SSID,2
sf1,SSID,2
sf1,SINT,2
sf1,SSID,2
sf1,SSID,3
sf1,SSID,3
sf1,SSID,5
sf1,SINT,7
sf1,SINT,8
sf1,PAST,11
sf1,SINT,3
sf1,SINT,15
sf1,SSID,3
sf1,SRAD,2
sf1,MCAV,3
sf1,SINT,6
sf1,SSID,5
sf1,SINT,2
sf1,MCAV,4
nd1,DSTO,3
nd1,MCAV,1
nd1,SRAD,3
nd1,SRAD,2
nd1,SRAD,2
nd1,SRAD,2
nd1,MCAV,1
nd1,SRAD,1
nd1,SINT,5
nd1,SINT,11
nd1,PAST,4
nd1,SINT,5
nd1,SSID,4
nd1,SSID,4
nd1,SSID,5
nd1,SSID,2
nd1,SSID,2
nd1,SSID,2
nd1,SSID,2
nd1,MCAV,10
nd1,SSID,2
nd1,SSID,2
nd1,SSID,4
nd1,SSID,3
nd1,SSID,3
nd1,SSID,2
nd1,SSID,2
nd1,PAST,6
nd1,MCAV,3
nd1,MCAV,15
nd1,SINT,3
nd1,MCAV,10
nd1,SSID,2
nd1,SSID,2
nd1,SSID,2
nd1,SSID,2
nd1,SSID,2
nd1,PAST,12
nd1,SBOU,4
nd1,SRAD,3
nh1,PAST,13
nh1,MDEC,3
nh1,PPOR,5
nh1,SSID,5
nh1,PAST,12
nh1,PAST,18
nh1,PAST,10
nh1,MCAV,7
nh1,PAST,10
nh1,PAST,7
nh1,PAST,10
nh1,PAST,20
nh1,PAST,15
nh1,MCAV,4
nh1,PAST,14
nh1,SSID,7
nh1,PAST,20
nh1,PAST,13
nh1,PPOR,8
nh1,PAST,20
nh1,PAST,20
nh2,PAST,4
nh2,PAST,8
nh2,SRAD,2
nh2,PAST,12
nh2,PAST,12
nh2,PAST,7
nh2,PAST,7
nh2,SSID,15
nh2,PAST,14
nh2,PPOR,5
nh2,PAST,4
nh2,PAST,4
nh2,PAST,10
nh2,SINT,3
nh2,PAST,3
nh2,PAST,19
nh2,AAGA,8
nh2,PAST,8
nh2,PAST,10
nh2,PAST,10
nh2,PAST,10
nh2,MMEA,7
nh2,SSID,3
nh2,SSID,3
nh2,PAST,10
nh2,MCAV,5
nh2,SSID,2
nh2,SSID,2
nh2,SSID,1
nh2,PPOR,7
nh2,PAST,9
nh2,PPOR,2
nh2,SSID,2
nh2,SSID,4
nh2,SSID,3
nh2,DSTO,5
nh2,PAST,15
nh2,SSID,3
nh2,SSID,2
nh2,SSID,2
nh2,SSID,2
nh2,SSID,2
nh2,SSID,2
nh2,PAST,4
nh2,PAST,10
nh2,MCAV,12
nh2,PAST,8
nh2,MMEA,2
nh2,PAST,5
nh2,SSID,9
nh2,PPOR,3
nh2,SSID,5
nh2,PAST,5
nh2,PAST,10
nh2,SSID,3
nh2,PAST,23
nh2,PAST,12
nh2,PAST,6
nh2,PAST,30
nh2,SSID,4
nh2,PAST,3
nh2,PAST,17
nh2,SSID,4
nh2,PAST,17
nh2,PAST,15
ne6,SSID,5
ne6,SSID,5
ne6,MCAV,3
ne6,SSID,2
ne6,SSID,3
ne6,MCAV,11
ne6,MDEC,30
ne6,SINT,7
ne6,SSID,3
ne6,SSID,5
ne6,SSID,8
ne6,PPOR,5
ne6,SSID,2
ne6,MCAV,9
ne6,SRAD,4
ne6,SSID,6
ne6,SSID,7
ne6,MCAV,5
ne6,SSID,4
ne6,SSID,4
ne6,SSID,2
ne6,SSID,2
ne6,SSID,4
ne6,SINT,8
ne6,SSID,3
ne6,MCAV,5
ne6,SSID,10
ne6,SSID,2
ne6,SSID,2
ne6,PSTR,3
ne6,SSID,1
ne6,SRAD,3
ne6,SSID,2
ne6,SSID,5
ne6,SSID,3
ne6,SSID,2
ne6,SSID,4
ne6,MCAV,6
ne6,SSID,2
ne6,SSID,4
ne6,MCAV,6
ne6,SSID,5
ne6,SSID,2
ne6,SSID,6
ne6,PAST,10
ne6,SINT,6
ne6,SSID,20
ne6,SSID,9
ne6,MCAV,4
ne6,MCAV,3
ne6,SSID,3
ne6,SSID,6
ne6,SINT,2
ne6,MCAV,4
ne6,SSID,2
ne6,SRAD,5
ne6,SSID,8
ne6,SSID,5
ne6,MCAV,7
ne7,SSID,7
ne7,SSID,7
ne7,SRAD,3
ne7,SINT,4
ne7,SINT,8
ne7,MCAV,4
ne7,EFAS,5
ne7,SINT,13
ne7,MCAV,2
ne7,MCAV,5
ne7,SSID,4
ne7,SINT,2
ne7,MCAV,3
ne7,PPOR,11
ne7,SSID,7
ne7,MCAV,6
ne7,PAST,5
ne7,MCAV,2
ne7,SINT,10
ne7,SSID,7
ne7,SINT,15
ne7,PPOR,5
ne7,SSID,5
ne7,SBOU,14
ne7,SRAD,4
ne7,SINT,3
ne7,SSID,6
nd5,MCAV,5
nd5,SINT,7
nd5,SINT,5
nd5,SSID,5
nd5,SINT,3
nd5,SINT,3
nd5,MCAV,4
nd5,SINT,8
nd5,PAST,13
nd5,MCAV,6
nd5,MCAV,3
nd5,SSID,2
nd5,SSID,2
nd5,SSID,2
nd5,SSID,2
nd5,SSID,2
nd5,SSID,2
nd5,SSID,2
nd5,SSID,10
nd5,SSID,10
nd5,MCAV,2
nd5,MCAV,2
nd5,SSID,1
nd5,SSID,1
nd5,MCAV,2
nd5,MCAV,2
nd5,MCAV,5
nd5,SSID,6
nd5,SSID,5
nd5,MCAV,1
nd5,SINT,2
nd5,MCAV,2
nd5,SSID,2
nd5,SRAD,10
nd5,MCAV,2
nd5,MCAV,2
nd5,MCAV,2
nd5,EFAS,15
nd5,MCAV,1
nd5,SINT,3
nd5,SINT,3
nd5,MCAV,2
nd5,SINT,2
nd5,MCAV,2
nd5,SINT,1
nd5,SSID,3
nd5,SINT,11
nd5,SINT,8
nd5,SRAD,7
nd5,MCAV,12
nd5,SINT,3
nd5,SINT,3
nd5,SSID,3
nd5,MCAV,6
nd5,SRAD,8
nd5,SRAD,8
nd5,MCAV,3
nd5,PAST,10
nd5,SSID,1
nd5,MCAV,7
nd5,SINT,11
nd5,SRAD,6
nd5,MCAV,12
nd5,MCAV,6
nd5,MCAV,6
nd5,SRAD,5
nd5,MCAV,4
nd5,MCAV,9
nd5,SSID,2
nd5,SSID,2
nd5,MCAV,2
nd5,SSID,2
nd5,MCAV,5
nd5,MCAV,5
nd5,SRAD,6
nd5,SINT,8
nd5,SSID,1
nd6,SSID,2
nd6,SSID,11
nd6,MCAV,5
nd6,MCAV,5
nd6,MCAV,3
nd6,PAST,9
nd6,SINT,10
nd6,MCAV,15
nd6,PAST,7
nd6,PAST,3
nd6,SSID,2
nd6,SSID,4
nd6,MCAV,1
nd6,SSID,4
nd6,MCAV,5
nd6,SSID,2
nd6,MCAV,5
nd6,MCAV,5
nd6,SSID,2
nd6,MCAV,2
nd6,SSID,1
nd6,MCAV,5
nd6,MCAV,5
nd6,SSID,6
nd6,SSID,3
nd6,SSID,1
nd6,SSID,6
nd6,PAST,10
nd6,SSID,1
nd6,SSID,1
nd6,SSID,1
nd6,MCAV,2
nd7,SSID,2
nd7,PAST,4
nd7,MCAV,1
nd7,SSID,4
nd7,PAST,6
nd7,PAST,5
nd7,SSID,2
nd7,SSID,2
nd7,PAST,5
nd7,SSID,6
nd7,SSID,5
nd7,PSTR,5
nd7,SSID,2
nd7,SSID,2
nd7,PAST,4
nd7,SSID,1
nd7,SSID,1
nd7,SSID,2
nd7,SSID,2
nd7,SSID,5
nd7,SSID,1
nd7,SSID,1
nd7,SSID,2
nd7,SSID,4
nd7,PAST,8
nd7,SSID,3
nd7,SSID,2
nd7,SSID,2
nd7,SSID,1
nd7,MMEA,5
nd7,MCAV,2
nd7,MCAV,2
nd7,EFAS,4
nd7,EFAS,8
nd7,SINT,6
nd7,SSID,3
nd7,SSID,3
nd7,SSID,4
nd7,SSID,2
nd7,DSTO,2
nd7,MCAV,4
nd7,MCAV,4
nd7,SSID,6
nd7,SSID,3
nd7,SSID,5
nd7,MCAV,2
se2,SINT,4
se2,SSID,6
se2,SSID,7
se2,SSID,3
se2,SSID,6
se2,SINT,5
se2,AAGA,7
se2,SSID,3
se2,SSID,3
se2,SSID,7
se2,MDEC,15
se2,SINT,4
se2,SSID,7
se1,SRAD,3
se1,MCAV,2
se1,SINT,4
se1,SSID,4
se1,SSID,2
se1,SINT,2
se1,SSID,3
se1,SSID,3
se1,SINT,5
se1,SSID,4
se1,SSID,2
se1,SSID,3
se1,MCAV,7
se1,SSID,3
se1,SSID,5
se1,SRAD,2
se1,SSID,3
se1,SSID,2
se1,SSID,4
se1,SRAD,2
se1,SRAD,3
se1,SRAD,2
se1,SRAD,3
se1,SSID,7
se1,SSID,5
se1,MCAV,5
se1,SSID,5
se1,SSID,2
se1,SINT,13
se1,SSID,5
se1,SSID,2
se1,SINT,2
se1,SRAD,3
se1,SRAD,1
se1,SRAD,1
se1,SRAD,2
se1,SRAD,3
se1,MCAV,1
se1,MCAV,1
se1,SSID,4
se1,MCAV,2
se1,SSID,3
se1,SSID,5
se1,SSID,5
se1,SINT,1
se1,MCAV,2
se1,SSID,5
se1,SRAD,2
se1,SRAD,2
se1,SINT,25
se1,SRAD,1
se1,SRAD,1
se1,SSID,4
se1,SRAD,4
se1,PSTR,3
se1,MCAV,3
se1,SSID,1
se1,MCAV,10
se1,SRAD,5
se1,SRAD,3
se1,SSID,3
se1,MCAV,2
se1,SSID,3
se1,SINT,4
se1,SSID,4
se1,SSID,3
se1,SSID,7
se1,SSID,2
se1,SSID,4
se1,SSID,2
se1,MCAV,3
se1,SSID,5
se1,SSID,2
se1,SSID,3
se1,SINT,4
se1,MCAV,3
nf1,SINT,2
nf1,PAST,10
nf1,MCAV,3
nf1,MCAV,5
nf1,MCAV,4
nf1,PAST,4
nf1,SINT,1
nf1,SSID,5
nf1,SSID,2
nf1,MCAV,3
nf1,SSID,2
nf1,SSID,2
nf1,SINT,1
nf1,SINT,3
nf2,MCAV,12
nf2,SINT,5
nf2,SINT,4
nf2,MCAV,15
nf2,MCAV,3
nf2,SSID,25
nf2,PAST,4
nf2,SSID,1
nf2,SSID,4
nf3,SSID,6
nf3,SSID,6
nf3,MCAV,3
nf3,MCAV,10
nf3,SINT,2
nf3,SINT,6
nf3,MCAV,2
nf3,SINT,13
nf3,SSID,6
nf3,SSID,17
nf3,SSID,6
nf3,SINT,3
nf4,SSID,2
nf4,SSID,2
nf4,MALI,12
nf4,SBOU,4
nf4,SSID,5
nf4,SSID,12
nf4,SSID,5
nf4,PAST,8
nf4,PAST,8
nf4,SSID,8
nf4,MCAV,4
nf4,SSID,2
nf4,SSID,2
nf4,SSID,2
nf4,SSID,4
nf4,SBOU,9
se3,SINT,2
se3,SINT,4
se3,SINT,5
se3,MALI,7
se3,SSID,2
se3,SSID,1
se3,SSID,5
se3,MCAV,3
se3,SSID,3
se3,MCAV,1
se3,SSID,1
se3,SSID,1
se3,SSID,10
se3,SSID,1
se3,SSID,5
se3,SSID,5
se3,SSID,4
se3,SSID,1
se3,MCAV,6
se3,SSID,1
se3,SINT,1
se3,SSID,1
se3,SSID,2
se3,SINT,12
se3,MCAV,10
se3,SINT,5
se4,EFAS,10
se4,SINT,3
se4,SRAD,1
se4,SRAD,1
se4,SRAD,1
se4,SSID,2
se4,SSID,12
se4,MMEA,10
se4,MCAV,3
se4,SSID,2
se4,SINT,3
se4,SSID,4
se4,SSID,10
se4,SINT,7
se4,SSID,15
se4,SSID,10
se4,MCAV,1
se4,PAST,6
se4,SRAD,1
se4,SSID,2
se4,SSID,15
se4,SSID,3
se4,SINT,6
se4,MCAV,8
se4,MCAV,2
se4,SSID,2
se4,SSID,1
se4,SSID,1
se4,SSID,1
nb3,MCAV,2
nb3,SSID,3
nb3,SSID,3
nb3,SSID,3
nb3,SINT,3
nb3,SSID,2
nb3,SSID,3
nb3,SSID,3
nb3,SSID,3
nb3,MCAV,3
nb3,MCAV,2
nb3,SSID,1
nb3,SRAD,2
nb3,SRAD,2
nb3,SSID,3
nb3,SSID,3
nb3,SINT,3
nb3,SRAD,2
nb3,SRAD,2
nb3,SRAD,2
nb3,SRAD,2
nb3,MCAV,6
nb3,MCAV,4
nb3,DSTO,4
nb3,MCAV,7
nb3,MMEA,2
nb3,SSID,8
nb3,SINT,13
nb3,SSID,1
nb2,MCAV,4
nb2,SSID,3
nb2,SSID,3
nb2,SSID,2
nb2,SSID,1
nb2,SSID,3
nb2,SINT,5
nb2,MCAV,3
nb2,MCAV,3
nb2,SSID,3
nb2,SSID,3
nb2,SSID,4
nb2,MCAV,3
nb2,SSID,2
nb2,SSID,2
nb2,SSID,1
nb2,PPOR,6
nb2,SSID,4
nb2,SSID,4
nb2,AAGA,10
nb2,SINT,3
nb2,SINT,3
nb2,SSID,1
nb2,SSID,5
nb1,SRAD,3
nb1,SRAD,3
nb1,DSTO,5
nb1,SBOU,3
nb1,SBOU,3
nb1,SSID,2
nb1,SSID,2
nb1,SSID,2
nb1,MCAV,3
nb1,SBOU,3
nb1,SSID,1
nb1,SBOU,7
nb1,SSID,2
nb1,DSTO,3
nb1,SINT,2
nb1,SSID,3
nb1,SSID,3
nb1,SSID,3
nb1,MCAV,2
nb1,SSID,5
nb1,SSID,5
nb1,SINT,7
nb1,SSID,2
nb1,SSID,2
nb1,SSID,2
nb1,SSID,2
nb1,SSID,2
nb1,MCAV,4
nb1,SSID,5
nb1,PAST,9
nb1,SSID,2
nb1,SSID,2
nb1,MCAV,4
nb1,MCAV,4
nb1,MCAV,4
nb1,SBOU,8
nb1,SSID,3
nb1,PAST,4
nb1,SBOU,3
nb1,DSTO,5
nb1,SINT,4
nb1,SSID,3
nb1,SSID,3
nb1,SSID,3
nb1,PAST,7
nb1,SSID,2
nb1,SSID,2
nb1,SSID,2
nb1,SSID,4
nb1,SSID,4
nb1,SSID,4
nb1,SSID,4
ni1,MDEC,4
ni1,MCAV,4
ni1,MCAV,10
ni1,PAST,20
ni1,MCAV,3
ni1,MCAV,8
ni1,SSID,20
ni1,PAST,10
ni1,SSID,4
ni1,MCAV,15
ni1,MALI,25
ni1,ALAM,15
ni1,SSID,4
ni1,MCAV,3
ni1,SSID,2
ni1,SSID,5
ni1,MDEC,7
ni1,PAST,25
ni2,PPOR,4
ni2,MCAV,8
ni2,SSID,2
ni2,SSID,5
ni2,MCAV,1
ni2,PAST,4
ni2,PAST,10
ni2,MDEC,2
ni2,PORI,5
ni2,MCAV,4
ni2,SSID,5
ni2,MCAV,40
ni3,PAST,12
ni3,PAST,5
ni3,CNAT,10
ni3,ALAM,25
ni3,SSID,3
ni3,MCAV,2
ni3,AAGA,5
ni3,MCAV,6
ni3,PAST,4
ni3,PAST,4
ni3,PAST,10
ni3,PAST,12
ni3,PAST,9
ni3,SSID,5
ni3,SSID,3
ni3,SBOU,4
ni3,SSID,1
ni3,SSID,4
ni3,SSID,4
ni3,SSID,2
ni3,MCAV,2
ni3,SSID,2
ni3,SSID,3
ni3,MDEC,10
ni3,PAST,7
ni3,PAST,8
ni3,PAST,10
ni3,MCAV,3
ni3,MCAV,5
ni3,MDEC,2
ni3,MDEC,20
ni3,MCAV,6
ni3,SSID,3
ni3,SSID,3
ni3,SSID,18
sc5,SRAD,1
sc5,SSID,2
sc5,SSID,1
sc5,SSID,1
sc5,SRAD,2
sc5,SSID,4
sc5,SSID,1
sc5,SSID,1
sc5,SSID,1
sc5,SSID,1
sc5,SSID,1
sc5,SSID,2
sc5,SSID,1
sc5,SINT,1
sc5,SINT,3
sc5,SINT,15
sc5,SSID,1
sc5,SSID,2
sc5,SINT,20
sc5,SRAD,1
sc5,MCAV,2
sc5,SINT,8
sc5,SINT,4
sc5,SSID,5
sc5,SINT,12
sc5,MCAV,2
sc5,SRAD,1
sc5,SBOU,2
sc5,SRAD,2
sc5,PAST,2
sc5,SINT,2
sc5,SSID,4
sc5,SSID,4
sc5,SINT,18
sc5,SSID,1
sc5,SSID,1
sc5,SINT,2
sc5,SSID,1
sc5,SSID,1
sc5,SSID,1
sc5,SSID,1
sc5,SSID,3
sc6,SSID,4
sc6,MDEC,14
sc6,SINT,2
sc6,SSID,2
sc6,SBOU,4
sc7,DSTO,1
sc7,SINT,15
sc7,SINT,7
sc7,SSID,3
sc7,SSID,3
sc7,SSID,5
sc7,SSID,10
sc7,SSID,7
sc7,DLAB,8
sc7,SSID,2
sc7,SSID,2
sc7,SSID,6
sc7,SSID,6
sc7,SSID,6
sc7,SSID,8
sc7,MMEA,4
sc7,SSID,5
sc7,SSID,2
sc7,SSID,8
sc7,SSID,6
sc7,SSID,2
sc7,SINT,4
sc7,SSID,3
sc7,SSID,1
sc7,SSID,1
sc7,SSID,4
sc7,SSID,2
sc7,SSID,2
sc7,SSID,2
sc7,SSID,5
sc7,SSID,8
sc7,MCAV,2
sc7,SSID,2
sc7,SSID,2
sc7,SSID,2
sc7,SSID,3
sc7,SSID,4
sc7,SSID,3
sc7,SSID,3
sc7,SSID,3
sc7,SRAD,2
sc7,MDEC,7
sc7,MDEC,7
sc7,MCAV,9
ni4,DLAB,30
ni4,SSID,2
ni4,SSID,1
ni4,PAST,4
ni4,MMEA,4
ni4,SSID,1
ni4,SSID,2
ni4,SSID,4
ni4,MCAV,8
ni4,SINT,3
sf3,SINT,15
sf3,MCAV,2
sf3,MCAV,6
sf3,SSID,2
sf3,MCAV,3
sf3,MCAV,3
sf3,SRAD,2
sf3,PAST,7
sf3,MCAV,10
sf3,PAST,10
sf3,SSID,13
sf3,SINT,15
sf3,SINT,6
sf3,SSID,2
sf3,SBOU,14
sf3,SSID,2
sf3,MCAV,2
sf3,MCAV,4
sf3,DSTO,10
sf3,MCAV,2
sf3,SSID,4
sf3,SINT,2
sf3,SINT,6
sf3,SINT,5
sf3,SINT,4
sf3,DSTO,6
sf3,MCAV,2
sf3,SSID,5
sf3,PAST,7
sf3,PAST,18
sf3,SINT,9
sf3,SSID,7
sf3,SSID,4
sf3,MCAV,3
se5,SSID,3
se5,SSID,12
se5,SSID,5
se5,SSID,7
se5,MCAV,4
se5,MCAV,10
se5,SSID,4
se5,MCAV,10
se5,MCAV,8
se5,SSID,20
se5,SINT,22
se5,SINT,12
se5,SINT,20
se5,MCAV,15
se5,SSID,5
se5,SSID,5
se5,SSID,5
se5,SSID,15
se5,SSID,15
se5,SSID,2
se5,SSID,2
se5,SINT,8
se5,MALI,4
se5,SSID,5
se5,SSID,3
se5,SSID,3
se5,SSID,15
se5,MDEC,8
se5,SINT,1
se5,SSID,5
se5,PAST,8
se5,SSID,5
se5,SSID,10
se5,MCAV,8
se5,SSID,4
se5,MDEC,3
se5,EFAS,7
se5,MCAV,10
se5,MCAV,2
se5,MDEC,10
se5,SSID,2
se5,PSTR,8
se5,AAGA,8
se5,MCAV,5
se5,SINT,10
se5,SSID,1
se5,SSID,1
se5,SSID,2
se5,MCAV,5
se5,SSID,15
se5,SSID,11
se5,SINT,3
se5,MCAV,15
se5,SSID,11
se5,MCAV,10
se5,SINT,15
se5,ALAM,15
se5,SSID,8
se5,SINT,3
se5,MCAV,3
se5,MALI,15
se5,SINT,10
se5,MCAV,3
se5,MCAV,1
se5,MMEA,3
se5,SINT,3
se5,MCAV,1
se5,PAST,5
se5,MCAV,25
se5,MDEC,15
se6,SSID,2
se6,SINT,10
se6,SINT,1
se6,SINT,1
se6,SINT,1
se6,SINT,2
se6,SINT,5
se6,SSID,4
se6,MCAV,3
se6,SINT,10
se6,SSID,10
se6,SSID,1
se6,SSID,1
se6,SSID,1
se6,SSID,3
se6,SSID,7
se6,SSID,5
se6,ALAM,5
se6,PAST,4
se6,MALI,15
se6,SSID,10
se6,SINT,5
se6,SSID,3
se6,SSID,1
se6,SBOU,3
se6,SINT,10
se6,MCAV,2
se6,SINT,5
se6,SINT,4
se6,MCAV,4
se6,MDEC,10
se6,SINT,5
se6,SINT,8
se6,EFAS,15
se6,MCAV,4
se6,MCAV,3
se6,SSID,4
se6,AAGA,5
se6,ALAM,40
se7,SSID,4
se7,MCAV,2
se7,MCAV,1
se7,SSID,2
se7,SSID,1
se7,SSID,5
se7,SINT,5
se7,SSID,1
se7,DSTO,2
se7,SSID,2
se7,SINT,5
se7,MCAV,1
se7,SSID,1
se7,SINT,6
se7,PSTR,4
se7,SINT,10
ne8,PAST,3
ne8,SSID,3
ne8,PAST,20
ne8,SSID,4
ne8,PAST,12
ne8,SSID,5
ne8,SSID,2
ne8,SINT,4
ne8,SSID,2
ne8,SINT,3
ne8,SSID,7
sc8,SINT,4
sc8,SINT,3
sc8,SINT,2
sc8,SINT,5
sc8,SINT,20
sc8,SINT,4
sc8,SINT,7
sc8,DSTO,3
sc8,SINT,3
sc8,SINT,6
sc8,SINT,8
sc8,SINT,1
sc8,SINT,1
sc8,SINT,30
sc8,SSID,1
sc8,SINT,1
sc8,SINT,5
sc8,SINT,6
sc8,SINT,6
sc8,SINT,15
sc9,DSTO,1
sc9,MCAV,2
sc9,SINT,20
sc9,SINT,3
sc9,SSID,1
sc9,SSID,1
sc9,SSID,1
sc9,SSID,5
sc9,SINT,1
sc9,SINT,3
sc9,SSID,1
sc9,SSID,3
sc9,MCAV,22
sc9,SINT,7
sc9,SINT,6
sc9,SSID,1
sc9,SSID,1
sc9,SINT,2
sc9,SINT,20
sc9,SSID,2
sc9,SINT,5
sc9,SINT,2
sc9,SINT,15
sc9,SINT,5
sc9,SINT,20
sc9,DSTO,5
nd8,SSID,2
nd8,SSID,2
nd8,PAST,6
nd8,SSID,1
nd8,SSID,1
nd8,SSID,7
nd8,SSID,9
nd8,SINT,6
nd8,MCAV,3
nd8,MCAV,6
nd8,MCAV,5
nd8,SINT,3
nd8,DSTO,7
nd8,SSID,2
nd8,SSID,3
nd8,SSID,3
nd8,SSID,1
nd8,SSID,1
nd8,SINT,2
nd8,SSID,3
nd8,SSID,6
nd8,MCAV,5
nd8,SBOU,3
nd8,SSID,1
nd8,SRAD,2
nd8,PAST,4
nd8,MCAV,6
nd8,MCAV,6
ne1,SSID,1
ne1,SSID,1
ne1,SSID,4
ne1,SSID,1
ne1,PAST,1
ne1,SSID,1
ne1,SSID,1
ne1,MCAV,8
ne1,PAST,5
ne1,MCAV,2
ne1,SSID,4
ne1,PAST,3
ne1,PAST,15
ne1,SSID,3
ne1,SSID,3
ne1,SSID,3
ne1,SSID,3
ne1,SSID,3
ne1,SSID,3
ne1,SINT,2
ne1,MCAV,6
ne1,SSID,2
ne1,SINT,3
ne1,SSID,1
ne1,MCAV,2
ne1,PAST,12
ne1,SINT,9
ne1,SRAD,5
ne1,MCAV,2
ne1,SSID,2
ne1,SSID,2
ne1,SINT,9
ne1,MCAV,2
ne1,MCAV,7
ne1,SSID,2
ne1,SSID,2
ne1,SSID,2
ne1,SSID,2
ne1,SSID,2
ne1,SSID,2
ne1,SSID,2
ne1,SSID,2
ne1,MCAV,3
ne1,SSID,2
ne1,SSID,3
ne2,SINT,4
ne2,SSID,4
ne2,SSID,4
ne2,SINT,4
ne2,SINT,4
ne2,SINT,14
ne2,MCAV,12
ne2,SSID,4
ne2,PAST,6
ne2,PAST,10
ne2,PSTR,4
ne2,SSID,3
ne2,SINT,14
ne2,SINT,3
ne2,SRAD,3
ne2,SRAD,3
ne2,SRAD,3
ne2,SRAD,4
ne2,SSID,2
ne2,SSID,2
ne2,SSID,1
ne2,SSID,1
ne2,MCAV,3
ne2,SINT,5
ne2,SRAD,3
ne2,MCAV,4
ne2,PPOR,12
ne2,MCAV,2
ne2,SINT,9
ne2,MCAV,5
ne2,SINT,2
ne2,MCAV,2
ne2,PAST,5
ne2,SSID,3
ne2,SSID,1
ne2,MCAV,2
ne2,MCAV,2
ne2,SINT,4
nh3,SSID,1
nh3,SSID,1
nh3,SSID,1
nh3,PAST,9
nh3,SSID,15
nh3,SSID,4
nh3,SINT,15
nh3,PAST,6
nh3,SSID,7
nh3,PAST,2
nh3,PAST,3
nh3,PAST,14
nh3,SRAD,2
nh3,MCAV,12
nh3,SSID,3
nh3,PAST,11
nh3,PAST,12
nh3,PAST,12
nh3,SSID,2
nh3,SSID,2
nh3,PAST,7
nh3,SSID,2
nh3,PAST,12
nh3,PAST,5
nh3,PAST,3
nh3,PAST,4
nh3,MCAV,6
nh3,PAST,17
nh3,SSID,1
nh3,SSID,1
nh3,AAGA,6
nh3,PAST,9
nh3,PPOR,2
nh3,PPOR,2
nh3,SSID,2
nh3,SSID,2
nh3,MCAV,8
nh3,PAST,12
nh3,SSID,3
nh3,SSID,10
nh3,SSID,2
nh3,SSID,2
nh3,PAST,2
nh3,PAST,6
nh3,PAST,6
nh4,PAST,5
nh4,PAST,12
nh4,PAST,14
nh4,PAST,14
nh4,PAST,6
nh4,PAST,14
nh4,PAST,2
nh4,PAST,12
nh4,MCAV,2
nh4,PAST,1
nh4,PAST,4
nh4,PPOR,8
nh4,SSID,4
nh4,SSID,3
nh4,SSID,1
nh4,PAST,4
nh4,MCAV,4
nh4,PAST,12
nh4,SSID,4
nh4,SSID,4
nh4,SSID,4
nh4,SRAD,2
nh4,SRAD,2
nh4,DSTO,6
nh4,MCAV,3
nh4,SSID,1
nh4,SSID,3
nh4,SSID,3
nh4,MDEC,4
nh4,SINT,3
nh4,SRAD,4
nh4,SRAD,1
nh4,SRAD,1
nh4,SSID,8
nh4,PAST,2
nh4,SSID,3
nh4,SSID,3
nh4,SINT,3
nh4,PAST,8
nh4,SSID,3
nh4,SINT,2
nh4,SSID,3
nh4,SSID,1
nh4,SSID,1
nh4,SSID,1
nh4,MCAV,4
nh4,SINT,6
nh4,SSID,1
nh4,SSID,1
nh4,SSID,1
nh4,SSID,1
nh4,SSID,1
nh4,PAST,16
nh4,PAST,3
nh4,MCAV,5
nh4,SSID,7
nh4,PAST,9
nh4,SSID,2
nh4,SINT,4
nh4,SRAD,16
ne3,SSID,2
ne3,DSTO,4
ne3,SSID,1
ne3,SINT,11
ne3,MCAV,3
ne3,SINT,1
ne3,MMEA,3
ne3,MCAV,3
ne3,SSID,1
ne3,PAST,15
ne3,MCAV,4
ne3,MCAV,3
ne3,SSID,2
ne3,SSID,2
ne3,MCAV,3
ne3,PAST,6
ne3,PAST,6
ne3,SINT,6
ne3,PAST,12
ne3,SSID,2
ne3,PSTR,15
ne3,PAST,9
ne3,PAST,12
ne3,PSTR,35
ne3,MCAV,3
ne3,PAST,3
ne3,SINT,10
ne3,SSID,4
ne3,MCAV,6
ne3,MCAV,3
ne3,SSID,9
ne3,SSID,4
ne3,SRAD,2
ne3,SSID,12
ne3,PAST,10
ne3,SSID,2
ne3,SSID,2
ne3,SINT,2
ne3,EFAS,9
ne3,SRAD,2
ne3,SINT,4
ne3,MCAV,4
ne3,SINT,4
ne3,SSID,2
ne3,MCAV,3
ne3,SINT,10
ne3,SSID,14
ne3,MCAV,3
ne3,SINT,2
ne3,SINT,5
ne3,SINT,5
ne3,SRAD,10
ne3,MCAV,3
ne3,MMEA,3
ne3,SSID,2
ne3,SSID,2
ne3,SSID,2
ne3,SSID,2
ne3,DSTO,5
ne3,SSID,12
ne3,PAST,12
ne3,MCAV,3
ne3,MCAV,3
si3,SSID,1
si3,SSID,1
si3,SSID,1
si3,PAST,1
si3,SSID,8
si3,SSID,4
si3,SSID,1
si3,SINT,4
si3,SSID,3
si3,MCAV,1
si3,SSID,1
si3,SSID,1
si3,SSID,1
si3,MCAV,3
si3,MCAV,1
si3,SSID,1
si3,SSID,3
si3,PAST,2
si3,MCAV,3
si3,PAST,2
si3,PAST,12
si3,PAST,1
si3,PAST,4
si3,PAST,10
si3,PAST,6
si3,PAST,1
si3,SINT,6
si3,PAST,1
si3,SSID,1
si3,SSID,2
si3,SSID,3
si3,PAST,7
si3,PAST,9
si3,SSID,3
si3,PAST,3
si3,SSID,1
si3,MCAV,3
si3,PPOR,3
si3,PAST,7
si3,SINT,4
si3,SINT,4
si3,SINT,7
si3,PAST,2
si3,SSID,3
si4,PAST,3
si4,PAST,9
si4,PAST,7
si4,MCAV,1
si4,PAST,17
si4,MDEC,20
si4,PAST,20
si4,PAST,2
si4,SSID,1
si4,SSID,1
si4,SSID,1
si4,SSID,5
si4,PAST,7
si4,MCAV,2
si4,SSID,1
si4,SSID,1
si4,SSID,1
si4,SSID,1
si4,SSID,1
si4,SSID,1
si4,SSID,1
si4,SSID,1
si4,PAST,1
si4,PAST,1
si4,PAST,1
si4,PAST,3
si4,PAST,3
si4,PAST,1
si4,PAST,1
si4,SINT,1
si4,SINT,2
si4,SSID,1
si4,SSID,1
si4,PAST,5
si4,MCAV,1
si4,PAST,1
si4,MCAV,10
si4,PAST,2
si4,PAST,7
si4,SBOU,1
si4,MCAV,2
si4,SINT,3
si4,PAST,2
si4,PAST,7
si4,PAST,1
si4,SSID,1
si4,PAST,4
si4,PAST,5
si4,SSID,4
si4,SSID,4
si4,SSID,3
si4,PAST,2
si4,SINT,6
si4,PAST,4
si4,SSID,5
ne4,SSID,3
ne4,MCAV,3
ne4,SSID,1
ne4,SSID,1
ne4,SSID,2
ne4,SSID,1
ne4,DSTO,4
ne4,PAST,7
ne4,PAST,22
ne4,PAST,3
ne4,PAST,13
ne4,SSID,1
ne4,MCAV,1
ne5,MCAV,1
ne5,MCAV,4
ne5,AAGA,1
ne5,SINT,3
ne5,SSID,1
ne5,SSID,1
ne5,SSID,1
ne5,SSID,1
ne5,MCAV,3
ne5,MCAV,4
ne5,SINT,8
ne5,SSID,2
ne5,SSID,1
ne5,SSID,1
ne5,SSID,3
ne5,PAST,3
ne5,SSID,1
ne5,SINT,3
ne5,SINT,5
ne5,SSID,2
ne5,MCAV,12
ne5,SSID,4
ne5,MCAV,2
ne5,MCAV,1
ne5,PAST,15
ne9,SSID,1
ne9,SINT,4
ne9,SSID,2
ne9,DSTO,2
ne9,MMEA,6
ne9,SSID,6
ne9,SSID,2
ne9,SSID,2
ne9,MCAV,2
ne9,MCAV,2
ne9,SSID,1
ne9,MCAV,1
ne9,SSID,3
ne9,SSID,2
ne9,MMEA,11
ne9,SSID,1
ne9,MCAV,1
ne9,SSID,3
ne9,SINT,1
ne9,SSID,1
ne9,SSID,1
ne9,SSID,1
ne9,SSID,1
ne9,SSID,1
ne9,SSID,1
ne9,SSID,1
ne9,SSID,2
ne9,SINT,1
ne9,SSID,3
ne9,SSID,5
ne9,SSID,1
ne9,SSID,1
ne9,SSID,1
ne9,SINT,2
ne9,SSID,1
ne10,DLAB,45
ne10,EFAS,8
ne10,MCAV,15
ne10,SSID,8
ne10,SSID,8
ne10,SSID,8
ne10,PSTR,3
ne10,SSID,8
ne10,SSID,2
ne10,PAST,2
ne10,MCAV,1
ne10,MCAV,1
ne10,SINT,2
ne10,MCAV,4
ne10,MCAV,4
ne10,MCAV,4
ne10,SSID,1
ne10,SSID,1
ne10,SSID,1
ne10,SSID,1
ne10,MCAV,1
ne10,SSID,6
ne10,SINT,6
ne10,SRAD,2
ne10,SSID,3
ne10,SINT,6
ne10,MCAV,6
ne10,SINT,8
ne10,SSID,8
ne10,SINT,12
ne10,SINT,8
ne10,AAGA,8
ne10,MCAV,4
ne10,PAST,15
ne10,PAST,2
ne10,SSID,2
ne10,SRAD,4
ne10,MCAV,9
ne10,PAST,12
ne10,PAST,6
ne10,SINT,3
ne10,SINT,3
ne10,SINT,12
ne10,SSID,8
ne10,MCAV,3
ne10,DLAB,5
ne10,SSID,3
ne10,SSID,3
ne10,SSID,3
ne10,SRAD,2
ne10,SRAD,2
ne10,SSID,8
ne10,SSID,2
ne10,SSID,2
ne10,SINT,2
ne10,SINT,2
ne10,MCAV,4
ne10,SSID,8
ne10,SSID,4
ne10,SBOU,3
ne10,MCAV,4
ne10,SRAD,2
ne10,SRAD,2
ne10,SSID,3
ne10,SSID,3
ne10,SSID,3
ne10,SINT,12
ne10,MCAV,2
ne11,SSID,2
ne11,SSID,7
ne11,SSID,3
ne11,SSID,3
ne11,SSID,3
ne11,DSTO,3
ne11,SRAD,3
ne11,MMEA,6
ne11,MCAV,2
ne11,MCAV,2
ne11,SINT,6
ne11,SSID,2
ne11,SSID,2
ne11,SSID,2
ne11,SRAD,4
ne11,PAST,3
ne11,MCAV,9
ne11,MCAV,4
ne11,SSID,1
ne11,SINT,13
ne11,MCAV,5
ne11,SRAD,3
ne11,MCAV,4
ne11,SSID,2
ne11,SSID,1
ne11,SINT,16
ne11,SSID,3
ne11,SSID,3
ne11,MCAV,2
ne11,MCAV,2
ne11,SSID,1
ne11,SSID,1
ni5,SINT,1
ni5,PAST,22
ni5,SINT,1
ni5,PAST,3
ni5,PAST,21
ni5,SSID,1
ni5,PAST,12
ni5,AAGA,3
ni5,AAGA,11
ni5,MCAV,14
ni5,PAST,6
ni5,MCAV,2
ni5,SSID,3
ni5,SSID,1
ni5,SSID,4
ni5,SSID,1
ni5,PAST,2
ni5,MCAV,1
ni5,MCAV,3
ni5,SSID,2
ni5,PAST,12
ni5,PAST,6
ni5,SINT,5
ni5,SINT,12
ni5,PAST,2
ni5,PPOR,6
ni5,SINT,1
ni5,SINT,1
ni5,PAST,10
ni5,PPOR,2
ni6,SSID,1
ni6,PAST,17
ni6,MCAV,10
ni6,SSID,12
ni6,PPOR,24
ni6,PAST,13
ni6,MCAV,1
ni6,SSID,1
ni6,SSID,1
ni6,PAST,4
ni6,PAST,4
ni6,PAST,7
ni6,SSID,1
ni6,DSTO,1
ni6,SINT,2
ni6,SSID,2
ni6,SSID,2
ni6,MCAV,1
ni6,MCAV,1
ni6,MCAV,2
ni6,MCAV,2
ni6,MMEA,7
ni6,PAST,16
ni6,MDEC,7
ni6,PAST,4
ni6,SSID,2
ni6,SSID,5
ni6,MCAV,1
ni6,MCAV,2
ni6,PAST,7
ni6,SINT,2
ni6,SINT,13
ni6,PAST,5
ni6,MCAV,6
ni6,SSID,2
ni6,PAST,5
ni6,PAST,6
ni6,PAST,1
ni6,PAST,7
ni6,PAST,2
ni6,MCAV,2
ni6,PAST,5
ni6,SINT,5
ni6,MDEC,6
ni6,MCAV,4
nb4,SSID,1
nb4,MCAV,2
nb4,MCAV,3
nb4,SSID,1
nb4,MCAV,2
nb4,SSID,5
nb4,DSTO,8
nb4,SSID,1
nb4,MMEA,5
nb4,SINT,4
nb4,SINT,4
nb4,PPOR,3
nb5,DSTO,3
nb5,MCAV,2
nb5,SSID,4
nb5,SINT,1
nb5,SSID,1
nb5,SSID,1
nb5,SSID,1
nb5,MCAV,1
nb5,MCAV,1
nb5,PPOR,5
nb5,SSID,1
nb5,SSID,1
nb5,SINT,1
nb5,DLAB,10
nb5,SSID,1
nb5,SSID,1
nb5,SSID,1
nb5,PAST,1
nb5,SSID,1
nb5,SINT,3
nb5,SINT,18
nb5,MCAV,7
nb5,PSTR,11
nb5,SSID,1
nb5,SSID,1
nb5,SSID,1
nb5,SSID,1
nb5,SSID,1
nb5,SSID,1
nb5,SSID,1
nb5,SSID,1
nb5,PAST,4
nb5,SSID,1
nb5,SSID,1
nb5,MCAV,2
nb5,PPOR,2
nb5,SSID,1
nb5,SSID,1
nb5,SSID,1
nb5,SINT,1
nb5,MCAV,3
nb5,DSTO,8
nb5,SSID,2
nb5,PSTR,2
nb5,SSID,1
nb5,SSID,1
nb5,SSID,1
nb5,SSID,1
nb5,SSID,1
nb5,SSID,1
nb5,MCAV,2
nb5,MCAV,4
nb5,SSID,2
nb5,SSID,2
nb5,SSID,1
nb5,PAST,7
nb5,SSID,1
nb5,SSID,1
nb5,SSID,1
nb5,SSID,1
nb5,SSID,1
nb5,SSID,1
nb5,SSID,1
nb5,SSID,1
nb5,SSID,1
nb5,SSID,1
nb5,SSID,1
nb5,SSID,1
nb5,SSID,1
nb5,SSID,1
nb5,SINT,5
nb5,SSID,1
nb5,MCAV,5
nb5,SSID,1
nb5,SSID,1
nb5,SSID,1
nb5,MCAV,3
nb5,SSID,1
nb5,SSID,1
nb5,SSID,1
nb5,SSID,1
nb5,SSID,1
nb5,SSID,1
nb5,SSID,1
nb5,SSID,1
nb5,SSID,2
nb5,SSID,2
nb5,SSID,2
nb5,SINT,17
nb7,MCAV,2
nb7,SBOU,3
nb7,PPOR,4
nb7,SSID,2
nb7,SBOU,2
nb7,PPOR,5
nb7,PPOR,1
nb7,SSID,1
nb7,SSID,1
nb7,SSID,1
nb7,SSID,1
nb7,DSTO,2
nb7,SSID,1
nb7,SSID,1
nb7,SSID,1
nb7,SSID,1
nb7,SSID,1
nb7,SSID,1
nb7,MCAV,5
nb7,SSID,1
nb7,DSTO,1
nb7,MCAV,3
nb7,SSID,1
nb7,SSID,1
nb7,MCAV,1
nb7,SSID,2
nb7,SSID,7
nb7,MCAV,2
nb7,MCAV,1
nb7,DSTO,3
nb7,SSID,12
nb7,MCAV,2
nb7,SSID,1
nb7,SSID,1
nb7,SSID,1
nb7,SSID,2
nb7,SINT,6
nb7,DSTO,5
nb7,PPOR,5
nb7,PPOR,7
nb7,SSID,1
nb7,MCAV,2
nb7,PPOR,3
nb7,DSTO,3
nb7,SSID,2
nb7,SSID,2
nb7,SSID,2
nb7,SSID,2
nb7,SINT,6
nb7,SSID,10
nb7,SSID,2
nb7,SSID,2
nb7,MCAV,2
nb7,MCAV,2
nb7,SSID,1
nb7,PPOR,6
nb7,SSID,1
nb7,PPOR,10
nb7,SSID,1
nb7,SSID,1
nb7,SSID,2
nb6,SINT,1
nb6,SINT,4
nb6,SSID,2
nb6,SINT,5
nb6,MCAV,3
nb6,SINT,2
nb6,MCAV,5
nb6,SSID,2
nb6,SRAD,2
nb6,MCAV,2
nb6,SINT,3
nb8,SINT,16
nb8,SINT,5
nb8,SINT,4
nb8,SINT,4
nb8,SINT,18
nb8,SINT,2
nb8,SINT,3
nb8,SINT,3
nb8,SINT,4
nb8,SINT,9
nb8,SINT,3
nb8,SSID,1
nb8,SSID,1
nb9,SSID,13
nb9,MCAV,3
nb9,SSID,2
nb9,SSID,2
nb9,SINT,2
nb9,MCAV,6
nb9,SRAD,2
nb9,SRAD,2
nb9,DSTO,9
nb9,SSID,2
nb9,SSID,2
nb9,DSTO,11
nb9,SINT,9
nb9,SSID,2
nb9,SSID,2
nb9,SSID,2
nb9,SINT,4
nb9,SRAD,1
nb9,SSID,1
nb9,MMEA,12
nb9,SSID,1
nb9,SSID,1
nb9,SSID,1
nb9,SSID,2
nb9,SRAD,2
nb9,SRAD,1
nb9,SSID,2
nb9,SINT,2
nb9,MCAV,6
nb9,MCAV,3
nb9,SINT,16
nb9,SSID,2
nb9,SSID,3
nb9,SSID,1
nb9,SRAD,3
nb9,SINT,9
nb9,SSID,1
nb9,SSID,4
nb9,SSID,1
nb9,MCAV,5
nb9,MCAV,2
nb9,MCAV,8
nb9,SSID,1
nb10,SRAD,2
nb10,SRAD,1
nb10,SRAD,2
nb10,SRAD,3
nb10,SRAD,2
nb10,SRAD,2
nb10,SRAD,1
nb10,SRAD,1
nb10,SRAD,1
nb10,SRAD,1
nb10,SRAD,1
nb10,SRAD,1
nb10,SRAD,2
nb10,SRAD,2
nb10,DSTO,5
nb10,SRAD,2
nb10,SRAD,2
nb10,SRAD,2
nb10,SRAD,2
nb10,SINT,2
nb10,SSID,1
nb10,SRAD,2
nb10,SBOU,2
nb10,SSID,3
nb10,SRAD,4
nb10,SSID,2
nb10,SSID,2
nb10,SSID,2
nb10,SSID,2
nb10,SSID,1
nb10,SSID,1
nb10,SSID,1
nb10,SSID,1
nb10,SSID,1
nb10,SSID,1
nb10,SSID,1
nb10,SSID,1
nb10,SSID,1
nb10,SSID,2
nb10,SSID,2
nb10,SRAD,2
nb10,SRAD,2
nb10,SRAD,2
nb10,SBOU,2
nb10,SSID,2
nb10,SRAD,2
nb10,SRAD,2
nb10,SRAD,2
nb10,SRAD,2
nb10,SBOU,22
nb10,SRAD,2
nb10,SRAD,2
nb10,SRAD,2
nb10,SRAD,2
nb10,SRAD,2
nb10,SRAD,2
nb10,SRAD,2
nb10,SRAD,2
nb10,SRAD,2
nb10,SRAD,2
nb10,SRAD,2
nb10,SRAD,2
nb10,SRAD,2
nb10,SRAD,2
nb10,SRAD,1
nb10,SSID,2
sc10,SINT,4
sc10,AFRA,7
sc10,SINT,3
sc10,SINT,10
sc10,SINT,8
sc10,SINT,1
sc10,SINT,6
sc10,SINT,6
sc10,SINT,6
sc11,SINT,8
sc11,SINT,7
sc11,SINT,20
sc11,MCAV,3
sc11,SINT,3
sc11,DSTO,5
sc11,SSID,2
sc11,SSID,1
sc11,MCAV,10
sc11,SRAD,1
sc11,SRAD,2
sc11,SINT,4
sc11,SSID,2
sc11,SSID,2
sc11,SINT,2
sc11,SSID,8
sc11,SRAD,5
sc11,SSID,3
sc11,SINT,1
sc11,SRAD,2
sc11,SRAD,1
sc11,DSTO,11
sc11,SINT,2
sc11,SSID,3
sc11,SINT,3
sc11,SINT,20
sc11,SSID,15
sc11,MCAV,2
sc11,SSID,1
sc11,SINT,2
sc11,SINT,1
sc11,SINT,10
sc11,SINT,10
sc11,SSID,1
sc11,SSID,1
sc11,SSID,1
sc11,PAST,7
sc11,SINT,25
sc11,SINT,7
sc11,MCAV,1
sc11,MCAV,2
sc11,MCAV,1
sc11,SINT,10
sc11,SINT,5
sc11,SINT,3
sc11,SINT,10
sc11,SINT,12
sc11,MCAV,2
sc11,SINT,28
sc11,PAST,7
sc11,SSID,6
sc11,MCAV,11
sc11,SINT,1
sc11,SRAD,1
sc11,SRAD,2
sc11,SRAD,3
sc11,MMEA,8
sc11,DSTO,4
sc11,SSID,3
sc11,MCAV,3
sc11,MCAV,3
sc11,SINT,2
sc11,SINT,6
sc11,SSID,4
sc11,SRAD,2
sc11,SINT,5
sc11,SINT,2
sc11,MCAV,4
sc11,SRAD,1
sc11,EFAS,6
sc11,SSID,1
sc12,SSID,2
sc12,SSID,1
sc12,SRAD,4
sc12,SRAD,1
sc12,SRAD,1
sc12,SSID,1
sc12,SSID,2
sc12,SINT,1
sc12,SINT,2
sc13,MCAV,15
sc13,SINT,4
sc13,SINT,14
sc13,SINT,6
sc13,MCAV,5
sc13,SINT,19
sc13,SINT,2
sc13,SINT,2
sc13,SINT,2
sc13,MCAV,1
sc13,MCAV,2
sc13,SINT,2
sc13,SSID,2
sc13,SINT,2
sc13,MCAV,2
sc13,SINT,7
sc13,SSID,1
sc13,MCAV,2
sc13,SRAD,1
sc13,SINT,18
nh5,SINT,8
nh5,PAST,22
nh5,MCAV,7
nh5,SSID,5
nh5,MCAV,5
nh5,PAST,3
nh5,PAST,20
nh5,PAST,10
nh5,PAST,12
nh5,SINT,2
nh5,PAST,3
nh5,MCAV,20
nh5,SSID,3
nh5,SSID,3
nh5,PAST,4
nh5,PAST,10
nh5,SSID,3
nh5,PAST,4
nh5,SINT,3
nh5,SINT,3
nh5,SINT,3
nh5,SINT,3
nh5,SINT,3
nh5,SRAD,6
nh5,SSID,1
nh5,SSID,1
nh5,SSID,2
nh5,SRAD,3
nh5,SRAD,3
nh5,SSID,1
nh5,SRAD,3
nh5,PAST,4
nh5,SSID,3
nh5,SRAD,7
nh5,SRAD,3
nh5,SRAD,3
nh5,SINT,5
nh5,PAST,8
nh5,SSID,1
nh5,SSID,1
nh5,SSID,1
nh5,SSID,3
nh5,SRAD,2
nh5,SRAD,2
nh5,SRAD,2
nh5,PPOR,6
nh5,PPOR,6
nh5,PAST,13
nh5,SSID,1
nh5,EFAS,13
nh5,MCAV,4
nh5,SRAD,2
nh5,SINT,2
nh5,SSID,1
nh5,SSID,4
nh5,SSID,4
nh5,SINT,2
nh5,SINT,2
nh5,SSID,1
nh5,SSID,2
nh5,SSID,2
nh5,SINT,2
nh5,SSID,2
nh5,SSID,2
nh6,SSID,3
nh6,PAST,8
nh6,PAST,13
nh6,MDEC,3
nh6,PAST,3
nh6,PAST,3
nh6,PAST,3
nh6,OFRA,2
nh6,SRAD,1
nh6,PPOR,3
nh6,PAST,10
nh6,SSID,6
nh6,PAST,5
nh6,SSID,2
nh6,SSID,2
nh6,SSID,2
nh6,SSID,2
nh6,SSID,2
nh6,PAST,10
nh6,MCAV,5
nh6,PPOR,5
nh6,PAST,3
nh6,SSID,1
nh6,SSID,1
nh6,SSID,5
nh6,SSID,1
nh6,SSID,2
nh6,SSID,2
nh6,SSID,2
nh6,SSID,2
nh6,SSID,1
nh6,SRAD,1
nh6,PAST,8
nh6,MCAV,2
nh6,PAST,3
nb17,SSID,1
nb17,SSID,1
nb17,SSID,1
nb17,SINT,2
nb17,SINT,5
nb17,SINT,4
nb17,SINT,2
nb17,SINT,2
nb17,SINT,3
nb17,MCAV,2
nb17,MCAV,4
nb18,SRAD,2
nb18,SRAD,1
nb18,SRAD,1
nb18,SRAD,3
nb18,MCAV,2
nb18,SSID,1
nb18,SSID,1
nb18,SBOU,2
nb18,SBOU,2
nb18,MCAV,5
nb18,SBOU,1
nb18,SSID,4
nb18,SINT,14
nb18,SINT,7
nb18,SSID,2
nb18,SBOU,2
nb18,MCAV,2
sg8,SRAD,4
sg8,SSID,12
sg8,SSID,2
sg8,SSID,2
sg8,SSID,2
sg8,SSID,2
sg8,SSID,2
sg8,MCAV,9
sg8,PPOR,8
sg8,MCAV,3
sg8,PAST,4
sg8,PAST,4
sg8,PAST,4
sg8,SINT,5
sg8,PPOR,6
sg8,SSID,2
sg8,MCAV,7
sg8,SINT,5
sg8,SINT,2
sg8,SSID,4
sg8,MCAV,3
sg8,SSID,2
sg8,SSID,6
sg8,MMEA,2
sg8,SINT,6
sg8,SINT,6
sg8,MCAV,4
sg8,SSID,20
sg8,SSID,3
sg8,MALI,12
sg9,SSID,2
sg9,SSID,2
sg9,SSID,2
sg9,MDEC,12
sg9,MCAV,4
sg9,PPOR,8
sg9,PPOR,12
sg9,SINT,5
sg9,PAST,22
sg9,SSID,3
sg9,MCAV,1
sg9,SINT,12
sg9,SSID,8
sg9,SINT,7
sg9,PPOR,8
sg9,PAST,15
sg9,MCAV,4
sg9,PPOR,7
sg9,ALAM,15
sg9,SSID,2
sg9,SSID,2
sg9,SSID,5
sg9,PPOR,8
sg9,SSID,10
sg9,PAST,15
sg9,PPOR,15
sg9,PPOR,15
sg9,SSID,2
sg9,SSID,5
sg9,SINT,15
sg9,SINT,7
sg9,MCAV,5
sg9,SSID,4
sg6,SSID,1
sg6,SSID,2
sg6,SSID,2
sg6,SINT,5
sg6,SINT,5
sg6,SRAD,1
sg6,SRAD,1
sg6,SRAD,1
sg6,SRAD,1
sg6,SSID,1
sg6,SSID,1
sg6,MCAV,4
sg6,SSID,1
sg6,SINT,2
sg6,MCAV,4
sg6,PPOR,10
sg6,PAST,15
sg6,SINT,6
sg6,SINT,8
sg6,EFAS,7
sg6,PAST,15
sg6,ALAM,25
sg6,SINT,8
sg6,SINT,6
sg6,MCAV,6
sg6,MCAV,2
sg6,SRAD,5
sg6,SINT,5
sg6,SRAD,7
sg6,SINT,3
sg6,SRAD,3
sg6,SRAD,3
sg6,SSID,2
sg6,SSID,5
sg6,SSID,5
sg6,SSID,7
sg6,SRAD,2
sg6,MCAV,5
sg6,PAST,5
sg6,MALI,20
nb24,MCAV,3
nb24,SSID,1
nb24,SRAD,2
nb24,SRAD,2
nb24,SRAD,2
nb24,SRAD,2
nb24,SRAD,2
nb24,SINT,2
nb24,SINT,2
nb24,SINT,2
nb24,SINT,3
nb24,SINT,1
nb24,SINT,3
nb24,SINT,3
nb24,SRAD,3
nb24,SRAD,3
nb24,SSID,1
nb24,SRAD,1
nb24,SSID,2
nb24,SINT,5
nb24,SINT,6
nb24,SINT,2
nb24,SINT,7
nb24,MCAV,3
nb23,SINT,1
nb23,SINT,3
nb23,SINT,2
nb23,SINT,5
nb23,SINT,5
nb23,SINT,2
nb23,SINT,2
nb23,SINT,4
nb23,MCAV,5
nb23,SINT,1
nb23,SRAD,2
nb23,SINT,3
nb23,SSID,2
nb23,SSID,2
nb23,SSID,2
nb23,SSID,2
nb23,SSID,2
nb23,SSID,2
nb23,SSID,2
nb23,SSID,2
nb23,SSID,2
nb23,SSID,2
nb23,SSID,2
nb23,SSID,2
nb23,SRAD,1
nb23,SINT,2
nb23,SINT,2
nb23,SINT,2
nb23,SINT,2
nb23,SINT,2
nb23,SINT,2
nb23,SINT,2
nb23,SINT,2
nb23,SINT,2
nb23,SINT,1
nb23,SINT,1
nb23,SINT,2
nb23,SINT,2
nb23,SINT,2
nb23,SINT,2
nb23,SINT,2
nb23,SINT,15
nb23,SINT,2
sj5,SSID,2
sj5,PAST,15
sj5,PAST,2
sj5,SINT,3
sj5,SSID,2
sj5,SSID,2
sj5,SINT,2
sj5,SSID,3
sj5,SSID,3
sj5,SSID,3
sj5,PAST,6
sj5,MCAV,7
sj5,MCAV,1
sj5,PAST,4
sj5,AAGA,4
sj5,SSID,3
sj5,PAST,1
sj5,SSID,1
sj5,SSID,1
sj5,PAST,10
sj5,MDEC,2
sj5,SSID,1
sj5,PAST,2
sj5,SINT,10
sj5,PPOR,1
sj5,SSID,1
sj5,SSID,1
sj5,SSID,1
sj5,PAST,2
sj5,SSID,3
sj5,PAST,6
sj5,SSID,1
sj5,SSID,1
sj5,SSID,1
sj5,SSID,1
sj5,SSID,1
sj5,SSID,1
sj5,PAST,18
sj5,PAST,6
sj5,MCAV,1
sj5,PAST,2
sj5,SSID,3
sj5,SSID,1
sj5,SSID,1
sj5,SSID,1
sj5,SSID,1
sj5,SSID,1
sj5,SINT,2
sj5,MDEC,6
sj5,SSID,7
sj5,SINT,3
sj5,SINT,1
sj5,SSID,1
sj5,SSID,1
sj5,SSID,1
sj5,SSID,1
sj5,SSID,1
sj5,SSID,1
sj5,SSID,1
sj5,SINT,1
sj5,SINT,3
sj5,PAST,8
sj5,PAST,6
sj5,MCAV,2
sj5,SSID,3
sj5,SSID,1
sj5,SSID,1
sj5,SSID,3
sj5,SSID,18
sj5,MCAV,40
sj5,SBOU,1
sj5,SBOU,1
sj5,SSID,1
sj5,SSID,1
sj5,SINT,1
sj5,SINT,1
sj5,SSID,3
sj5,SINT,9
sj5,MCAV,4
sj6,PPOR,11
sj6,MCAV,8
sj6,PAST,7
sj6,SSID,12
sj6,PAST,7
sj6,SINT,6
sj6,PAST,3
sj6,PAST,3
sj6,PAST,3
sj6,PAST,3
sj6,MCAV,34
sj6,SSID,8
sj6,SSID,2
sj6,SSID,3
sj6,PPOR,7
sj6,PAST,13
sj6,AAGA,33
sj6,PAST,5
sj6,PAST,6
sj6,MCAV,7
sj6,MCAV,3
sj6,PPOR,4
sj6,SSID,2
sj6,PAST,21
sj6,PAST,17
sj6,MMEA,5
sj6,SINT,1
sj6,PAST,6
sj6,PAST,6
sj6,MCAV,2
sj6,PAST,16
sj6,MDEC,3
sj6,SINT,15
sj6,SSID,2
sj6,SSID,2
sj6,SSID,9
sj6,SSID,12
sg2,SSID,4
sg2,MMEA,5
sg2,MCAV,2
sg2,SINT,3
sg2,PPOR,15
sg2,PPOR,7
sg2,SINT,13
sg2,SSID,7
sg2,SSID,1
sg2,SINT,7
sg2,SINT,2
sg2,SINT,2
sg2,SSID,4
sg2,SINT,4
sg2,SINT,3
sg2,EFAS,6
sg2,SSID,2
sg2,SSID,2
sg2,SSID,2
sg2,MCAV,28
sg2,PPOR,5
sg2,PPOR,5
sg2,SSID,5
sg2,SINT,5
sg2,PAST,20
sg2,SSID,3
sc15,DSTO,5
sc15,SINT,15
sc15,SSID,12
sc15,MCAV,2
sc15,SRAD,2
sc15,SINT,5
sc15,SINT,5
sc15,SSID,10
sc15,MCAV,6
sc15,MMEA,10
sc15,SINT,15
sc15,SINT,15
sc15,MCAV,2
sc15,MCAV,2
sc15,DSTO,3
sc15,SINT,5
sc15,SINT,7
sc15,SSID,1
sc15,SINT,10
sc15,SINT,15
sc15,SSID,2
sc15,SINT,4
sc15,MCAV,3
sc15,SSID,2
sc15,SSID,2
sc15,SSID,2
sc15,SINT,2
sc15,SINT,10
sc15,SRAD,10
sc15,SINT,10
sc15,SSID,5
sc15,SINT,2
sc15,SINT,10
sc15,MCAV,2
sc15,SSID,3
sc15,SINT,1
sc15,SINT,20
sc15,SRAD,2
sc15,DSTO,3
sc14,MCAV,10
sc14,SSID,1
sc17,SINT,6
sc17,SINT,5
sc16,SINT,14
sc16,SSID,12
sc16,DSTO,5
sc16,SINT,4
sc16,DSTO,6
sc16,MCAV,8
sc16,SSID,1
sc16,DSTO,2
sc16,MCAV,2
sc16,MCAV,2
sc16,SSID,2
sc16,SSID,7
sc16,MCAV,6
sc16,SSID,11
sc16,SSID,3
sc16,MCAV,2
sc16,SINT,13
sc16,SSID,6
sc16,SSID,1
sc16,SSID,1
sc16,SSID,1
sc16,SINT,13
sc16,DSTO,2
sc16,SSID,12
sc16,DSTO,7
sc16,SINT,30
sc16,AAGA,22
sc16,MCAV,1
sc16,AAGA,12
sc16,DSTO,6
sc16,SSID,1
sc16,SSID,1
sc16,SSID,1
sc16,MCAV,2
sc16,DSTO,6
sc16,PPOR,8
sc16,MCAV,2
sc16,SINT,8
sc16,SINT,13
sc16,SINT,4
sc16,SINT,5
sc16,SINT,1
sc16,SINT,2
sc16,MCAV,1
sc16,SINT,1
sc16,SINT,22
sc16,SSID,1
sc16,SSID,1
sc16,SSID,1
sc16,MCAV,3
nb22,SINT,3
nb22,SINT,5
nb22,SSID,6
nb22,MCAV,45
nb22,SSID,3
nb22,PCLI,4
nb22,SSID,2
nb22,SSID,1
nb22,SSID,1
nb22,SSID,1
nb22,PCLI,2
nb22,MCAV,2
nb22,MCAV,12
nb22,SINT,13
nb22,PSTR,5
nb22,DSTO,7
nb22,MCAV,2
nb22,SSID,2
nb22,SSID,2
nb22,MCAV,2
nb22,SSID,12
nb22,SINT,11
nb22,SINT,13
nb22,SINT,2
nb22,SINT,2
nb22,DSTO,5
nb22,MCAV,7
nb22,MCAV,15
nb22,SINT,2
nb22,SINT,6
nb22,PSTR,22
nb21,SSID,1
nb21,SSID,1
nb21,SINT,4
nb21,SSID,2
nb21,SSID,2
nb21,SINT,6
nb21,SBOU,29
nb21,SSID,1
nb21,SSID,1
nb21,SSID,1
nb21,SSID,1
nb21,SSID,1
nb21,SSID,1
nb21,SSID,1
nb21,PPOR,1
nb21,SSID,2
nb21,SINT,7
nb21,SINT,4
nb21,SSID,2
nb21,SSID,2
nb21,SINT,8
nb21,SSID,1
nb21,SSID,11
nb19,SRAD,2
nb19,PAST,2
nb19,SSID,1
nb19,SSID,3
nb19,SRAD,1
nb19,SRAD,1
nb19,SRAD,1
nb19,SRAD,1
nb19,SRAD,3
nb19,SBOU,18
nb19,SINT,5
nb19,SRAD,2
nb19,SRAD,2
nb19,SRAD,2
nb19,SRAD,2
nb19,SRAD,2
nb19,SRAD,1
nb19,SRAD,1
nb19,SRAD,1
nb19,SRAD,1
nb19,SBOU,8
nb19,SSID,8
nb19,SSID,1
nb19,SSID,2
nb19,SSID,1
nb19,SSID,1
nb19,SSID,1
nb19,SSID,1
nb19,SSID,1
nb19,SSID,1
nb19,SRAD,1
nb19,SRAD,1
nb19,SRAD,1
nb19,SRAD,1
nb19,SRAD,1
nb19,SRAD,2
nb19,SRAD,1
nb19,SRAD,1
nb19,SSID,3
nb19,SSID,3
nb19,SSID,5
nb19,SSID,5
nb19,SSID,2
nb19,SRAD,2
nb19,SRAD,1
nb19,SRAD,1
nb19,SRAD,2
nb19,SBOU,18
nb19,SSID,1
nb19,SSID,1
nb19,SSID,2
nb19,SINT,2
nb19,SRAD,2
nb19,SRAD,2
nb19,SRAD,2
nb19,SRAD,2
nb19,SSID,1
nb19,SSID,1
nb19,SSID,1
nb19,SRAD,1
nb19,SSID,1
nb19,SSID,1
nb19,SRAD,1
nb19,SRAD,1
nb19,SRAD,2
nb19,SRAD,2
nb19,SRAD,3
nb19,SRAD,1
nb19,SSID,2
nb19,SSID,2
nb19,SRAD,2
nb19,SRAD,2
nb19,SRAD,2
nb19,DSTO,15
nb19,SSID,2
nb19,SSID,2
nb19,SRAD,1
nb19,SRAD,2
nb19,SRAD,3
nb19,SSID,2
nb19,SSID,2
nb19,SSID,2
nb19,SSID,2
nb19,SSID,2
nb19,SRAD,2
nb19,SRAD,2
nb19,SRAD,2
nb20,SRAD,2
nb20,SSID,2
nb20,SRAD,2
nb20,SSID,11
nb20,SRAD,2
nb20,MCAV,3
nb20,DSTO,9
nb20,SSID,2
nb20,SSID,3
nb20,SSID,1
nb20,SSID,2
nb20,SRAD,1
nb20,MCAV,3
nb20,SBOU,6
nb20,SSID,1
nb20,SRAD,6
nb20,SBOU,45
nb20,SINT,1
nb20,MCAV,5
nb20,SINT,12
nb20,SINT,12
nb20,PSTR,30
nb20,SSID,2
nb20,SINT,20
nb20,SINT,12
nb20,SINT,7
nb20,SRAD,1
nb20,SINT,7
nb20,SINT,4
nb20,SINT,2
nb12,SSID,1
nb12,SINT,2
nb12,SSID,1
nb12,SSID,1
nb12,SSID,1
nb12,PPOR,8
nb12,SSID,1
nb12,SBOU,1
nb12,SINT,2
nb12,SINT,4
nb12,SSID,1
nb12,SSID,1
nb12,SSID,1
nb12,SSID,1
nb12,SSID,1
nb12,SINT,5
nb12,SSID,2
nb12,SSID,3
nb12,SSID,1
nb12,SSID,1
nb12,SSID,1
nb12,SSID,1
nb12,SSID,1
nb12,SSID,1
nb12,SSID,1
nb12,DSTO,2
nb12,SSID,1
nb12,SSID,1
nb12,SSID,1
nb12,PPOR,7
nb12,SSID,1
nb12,SSID,1
nb12,SSID,1
nb12,SSID,1
nb12,SSID,1
nb11,DSTO,10
nb11,SINT,3
nb11,MCAV,1
nb11,SINT,6
nb11,SSID,1
nb11,MCAV,6
nb11,SINT,1
nb11,SINT,3
nb11,PAST,3
nb11,SSID,9
nb11,SINT,3
nb13,SSID,1
nb13,SSID,1
nb13,SSID,1
nb13,SSID,1
nb13,SSID,2
nb13,SSID,1
nb13,SSID,1
nb13,SSID,1
nb13,SSID,1
nb13,SSID,1
nb13,SSID,1
nb13,SSID,1
nb13,SSID,1
nb13,SSID,1
nb13,SSID,1
nb13,SSID,1
nb13,SRAD,1
nb13,SINT,2
nb13,SSID,1
nb13,SSID,1
nb13,SSID,1
nb13,SSID,1
nb13,SSID,1
nb13,SSID,11
nb13,SSID,1
nb13,SSID,1
nb13,SSID,1
nb13,SSID,1
nb13,SSID,1
nb13,PPOR,1
nb13,SSID,1
nb13,SSID,1
nb13,SSID,1
nb13,SBOU,1
nb13,SSID,1
nb13,SSID,1
nb13,SSID,3
nb13,SSID,2
nb13,SSID,1
nb13,SSID,1
nb13,SSID,1
nb13,SSID,4
nb13,SSID,2
nb13,SSID,2
nb13,SSID,2
nb13,SSID,1
nb13,SSID,1
nb13,SSID,1
sb2,SRAD,2
sb2,SINT,6
sb2,DSTO,7
sb2,MCAV,40
sb2,SSID,4
sb2,SRAD,1
sb2,SSID,2
sb2,SSID,1
sb2,SRAD,1
sb2,SINT,5
nb15,SSID,1
nb15,SSID,1
nb15,SSID,1
nb15,SINT,13
nb15,SSID,1
nb15,SSID,1
nb15,SBOU,2
nb15,MCAV,2
nb15,MCAV,2
nb15,PPOR,12
nb15,MCAV,2
nb15,MCAV,2
nb15,SINT,16
nb15,PSTR,6
nb15,SSID,3
nb15,MCAV,5
nb15,MCAV,3
nb15,MCAV,3
nb15,MCAV,8
nb15,AAGA,4
nb15,MCAV,8
nb15,SSID,1
nb15,DSTO,9
nb14,SINT,3
nb14,SINT,3
nb14,SINT,1
nb14,SINT,1
nb14,SSID,2
nb14,SINT,5
nb14,SINT,4
nb14,SINT,19
nb14,SINT,1
nb14,SINT,4
nb14,SINT,8
nb14,SINT,5
nb14,SINT,7
nb14,SINT,4
nb14,DSTO,8
nb14,SINT,7
nb16,SSID,2
nb16,SSID,2
nb16,MCAV,3
nb16,SSID,1
nb16,SSID,1
nb16,SSID,1
nb16,SSID,3
nb16,SSID,3
nb16,SSID,2
nb16,SSID,2
nb16,SSID,2
nb16,SSID,2
nb16,SSID,1
nb16,SSID,1
nb16,SSID,1
nb16,SSID,1
nb16,SSID,1
nb16,SSID,1
nb16,SSID,1
nb16,SSID,1
nb16,SSID,1
nb16,SSID,1
nb16,SSID,1
nb16,SSID,1
nb16,SBOU,4
nb16,SSID,2
nb16,SSID,1
nb16,DSTO,6
nb16,SSID,1
nb16,MCAV,4
nb16,SSID,1
nb16,SSID,1
nb16,SSID,1
nb16,SSID,1
nb16,SSID,1
nb16,MCAV,2
nb16,SSID,1
nb16,SINT,18
nb16,SSID,1
nb16,SSID,1
nb16,SSID,1
nb16,SSID,1
nb16,SSID,1
nb16,SSID,1
nb16,SSID,1
nb16,SSID,1
nb16,SINT,10
nb16,SSID,10
nb16,DSTO,6
nb16,SSID,2
nb16,SSID,2
nb16,SSID,1
nb16,SSID,1
nb16,SSID,1
nb16,SSID,1
nb16,SSID,1
nb16,PPOR,6
nb16,SBOU,11
nb16,SSID,2
nb16,SSID,2
nb16,SSID,2
nb16,SSID,2
nb16,SSID,1
nb16,SSID,1
nb16,SSID,1
nb16,SSID,1
nb16,SSID,1
nb16,SBOU,5
nb16,SSID,1
nb16,SSID,1
nb16,SSID,1
nb16,SSID,1
nb16,SSID,1
nb16,SSID,1
nb16,MCAV,5
nb16,SSID,2
nb16,SSID,1
nb16,SSID,1
nb16,SSID,1
nb16,SSID,3
nb16,SSID,1
nb16,PPOR,1
nb16,SSID,2
nb16,SSID,2
nb16,SSID,2
nb16,SSID,2
nb16,SSID,1
nb16,SSID,1
sa1,SSID,1
sa1,SINT,9
sa1,SINT,4
sa2,SSID,6
sa2,SSID,1
sa2,SSID,3
sa2,SSID,3
sa2,SINT,6
sa2,SSID,3
sa2,SSID,2
sa2,SSID,2
sa2,SSID,2
sa2,SSID,2
sa2,SSID,2
sa2,SSID,3
sa2,SRAD,2
sa2,SRAD,1
sh9,SSID,1
sh9,SSID,1
sh9,SSID,1
sh9,SINT,2
sh9,SINT,3
sh9,PPOR,2
sh9,MCAV,2
sh9,SSID,2
sh9,PPOR,3
sh9,MCAV,2
sh9,AFRA,3
sh9,PAST,18
sh9,PPOR,2
sh9,SSID,1
sh9,SSID,1
sh9,SINT,5
sh9,SSID,6
sh9,PAST,19
sh9,PAST,3
sh9,SSID,1
sh9,SINT,4
sh9,MCAV,3
sh9,PAST,6
sh9,PAST,2
sh9,PAST,22
sh9,SINT,6
sh9,SSID,1
sh9,SSID,2
sh9,PAST,2
sh9,SSID,1
sh9,SSID,1
sh9,SSID,1
sh9,SINT,4
sh9,PAST,2
sh9,SINT,2
sh9,PAST,1
sh9,PAST,1
sh9,SSID,3
sh9,SINT,4
sh9,SSID,2
sh9,PAST,12
sh9,SSID,3
sh9,PAST,2
sh9,PAST,2
sh9,MCAV,2
sh9,SSID,6
sh9,SSID,1
sh9,SSID,1
sh9,SSID,1
sh9,SSID,1
sh9,PAST,1
sh9,PAST,12
sh9,SINT,5
sh9,MCAV,2
sh9,PAST,25
sh9,SSID,2
sh9,SSID,2
sh9,PAST,2
sh9,SINT,6
sh9,PAST,6
sh9,SBOU,3
sh9,SSID,1
sh9,SSID,1
sh10,PAST,10
sh10,MCAV,2
sh10,SSID,1
sh10,SSID,1
sh10,SINT,1
sh10,PAST,7
sh10,SSID,2
sh10,SSID,2
sh10,SSID,2
sh10,SSID,1
sh10,SSID,6
sh10,SSID,1
sh10,SSID,1
sh10,SBOU,2
sh10,SBOU,2
sh10,SBOU,2
sh10,PAST,2
sh10,AFRA,7
sh10,PAST,6
sh10,SSID,1
sh10,SSID,1
sh10,MCAV,2
sh10,PAST,4
sh10,PAST,4
sh10,SSID,3
sh10,SSID,5
sh10,SSID,2
sh10,SSID,2
sh10,SSID,2
sh10,SSID,2
sh10,PAST,2
sh10,MCAV,2
sh10,PAST,6
sh10,SBOU,6
sh10,PORI,2
sh10,SSID,1
sh10,SSID,1
sh10,SSID,1
sh10,SSID,1
sh10,SSID,1
sh10,SINT,2
sh10,SINT,6
sh10,SBOU,2
sh10,SSID,2
sh10,SSID,1
sh10,SINT,3
sh10,SSID,1
sh10,PAST,4
sh10,SSID,2
sh10,SSID,2
sh10,SINT,2
sh10,SSID,2
sh10,SSID,2
sh10,PAST,1
sh10,SSID,1
sh10,SSID,1
sh10,PPOR,3
sh10,SSID,5
sh10,PAST,6
sh10,MMEA,4
sh10,PPOR,6
sh10,SSID,1
sh10,SSID,2
sh10,PAST,2
sh10,PAST,1
sh10,PAST,3
sh10,SINT,3
sh10,SSID,2
sh10,SSID,1
sh10,SSID,1
sh10,SSID,1
sh10,SSID,1
sh10,SSID,1
sh10,SSID,1
sh10,SSID,1
sh10,SSID,1
sh10,SSID,3
sh10,SSID,2
sh10,SINT,2
sh10,SSID,1
sh10,SSID,1
sh10,SSID,1
sh10,SRAD,2
sh10,SSID,2
sh10,SSID,2
sh10,SSID,2
sh10,SSID,2
sh10,SSID,2
sh10,SINT,3
sf4,MCAV,22
sf4,SINT,10
sf4,PAST,10
sf4,SINT,6
sf4,SINT,4
sf4,SSID,3
sf4,SINT,2
sf4,SSID,1
sf4,SSID,2
sf4,SSID,1
sf4,SSID,1
sf4,SSID,1
sf4,SSID,1
sf4,SSID,1
sf4,SSID,1
sf4,SSID,1
sf4,SSID,1
sf4,SSID,5
sf4,SINT,7
sf4,SSID,3
sf4,SRAD,5
sf4,SSID,2
sf4,SRAD,2
sf4,SSID,1
sf4,SSID,1
sf4,SINT,6
sf4,SSID,3
sf4,SSID,5
sf4,SINT,6
sf4,PAST,10
sf4,SIDE,15
sc3,SINT,5
sc3,DSTO,4
sc3,SSID,1
sc3,SSID,1
sc3,SSID,1
sc3,SSID,1
sc3,MCAV,4
sc3,SSID,25
sc3,SBOU,15
sc3,SSID,10
sc3,SSID,5
sc3,SSID,5
sc3,SSID,2
sc3,MCAV,5
sc3,MCAV,5
sc3,SINT,17
sc3,SINT,20
sc3,SSID,3
sc3,SBOU,5
sc3,SINT,12
sc3,MCAV,2
sc3,SINT,15
sc3,SSID,2
sc3,SINT,20
sc3,SSID,2
sc3,SSID,4
sc3,SSID,4
sc3,SSID,3
sc3,SRAD,1
sc3,MCAV,2
sc3,SSID,5
sc3,SSID,2
sc3,SINT,2
sc3,SINT,2
sc3,AGAR,1
sc3,AGAR,1
sc3,SSID,1
sc3,MMEA,14
sc3,SSID,10
sc3,SBOU,10
sc3,MCAV,3
sc3,SSID,10
sc3,SSID,10
sc3,MCAV,35
sc3,SSID,2
sc3,SBOU,6
sh8,PPOR,2
sh8,SSID,2
sh8,PAST,3
sh8,SSID,1
sh8,SSID,3
sh8,SSID,3
sh8,PAST,5
sh8,PAST,3
sh8,MDEC,6
sh8,MDEC,3
sh8,SSID,2
sh8,SSID,2
sh8,SINT,1
sh8,SSID,1
sh8,PPOR,1
sh8,PAST,3
sh8,SSID,2
sh8,SSID,7
sh8,MCAV,2
sh8,SSID,1
sh8,SSID,1
sh8,PPOR,1
sh8,SSID,4
sh8,SINT,1
sh8,MCAV,2
sh8,PAST,7
sh8,AAGA,6
sh8,SSID,2
sh8,SSID,1
sh8,SSID,6
sh8,PAST,3
sh8,SSID,1
sh8,SSID,3
sh8,MCAV,6
sh8,SSID,6
sh8,PAST,2
sh8,PAST,2
sh8,PAST,22
sh8,PAST,6
sh8,SSID,3
sh8,SSID,3
sh8,SSID,3
sh8,SSID,3
sh8,SSID,3
sh8,MCAV,4
sh8,MCAV,4
sh8,SSID,5
sh8,PAST,4
sh8,PAST,4
sh8,SSID,2
sh8,MCAV,2
sh8,SSID,2
sh8,SSID,3
sh8,SSID,3
sh8,SSID,3
sh8,PPOR,2
sh7,MCAV,2
sh7,SINT,5
sh7,PPOR,1
sh7,SSID,1
sh7,PPOR,2
sh7,MCAV,3
sh7,PAST,3
sh7,PAST,3
sh7,PAST,3
sh7,SSID,1
sh7,SSID,1
sh7,SSID,1
sh7,SINT,1
sh7,SSID,8
sh7,AAGA,2
sh8,AAGA,2
sh7,AAGA,2
sh7,AAGA,1
sh7,SSID,4
sh7,AAGA,6
sh7,PPOR,1
sh7,PAST,17
sh7,PAST,8
sh7,PPOR,8
sh7,SSID,1
sh7,SSID,1
sh7,SSID,1
sh7,PAST,10
sh7,MCAV,7
sh7,MCAV,4
sh7,PPOR,1
sh7,SSID,6
sh7,SSID,1
sh7,SSID,1
sh7,SSID,1
sh7,SINT,6
sh7,SSID,5
sh7,SINT,6
sh7,PAST,8
sh7,PPOR,2
sh7,MCAV,6
sh7,SINT,8
sh7,PPOR,6
sh7,SSID,1
sh7,SSID,3
sh7,SINT,1
sh7,SSID,2
sh7,SSID,2
sh7,SSID,2
sh7,SSID,3
sh7,SSID,3
sh7,SINT,1
sh7,SINT,1
sh7,SINT,6
sh7,PAST,6
sh7,PORI,1
sh7,PAST,1
sh7,MCAV,7
sh7,SSID,1
sh7,SINT,7
sh7,PPOR,3
sh7,SSID,2
sh7,SSID,3
sh7,SSID,3
sh7,PAST,1
sh7,PAST,1
sh7,MCAV,30
sh7,SSID,1
sh7,SSID,1
sh7,SINT,3
sh7,PAST,7
sh7,SSID,1
sb3,MCAV,3
sb3,SINT,1
sb3,SSID,1
sb3,SSID,1
sb3,SSID,1
sb3,MCAV,16
sb3,SSID,1
sb3,SSID,3
sb3,SSID,1
sb4,SSID,1
sb4,SSID,1
sb4,SSID,1
sb4,PPOR,1
sb4,SSID,1
sb4,SSID,1
sb4,SSID,1
sb4,SSID,1
sb4,SSID,1
sb4,SSID,1
sb4,SSID,1
sb4,SSID,1
sb4,SSID,1
sb4,SSID,1
sb4,SSID,1
sb4,SSID,1
sb4,SSID,1
sb4,SSID,1
sb4,SSID,1
sb4,SSID,1
sb4,SSID,1
sb4,SINT,4
sb4,PPOR,1
sb4,SSID,1
sb4,SSID,1
sb4,DSTO,6
sb4,SSID,1
sj4,SSID,1
sj4,PAST,5
sj4,MMEA,10
sj4,SSID,10
sj4,MCAV,7
sj4,MDEC,2
sj4,MDEC,2
sj4,PAST,3
sj4,SINT,3
sj4,SINT,3
sj4,SINT,7
sj4,MDEC,3
sj4,MDEC,3
sj4,SSID,2
sj4,SSID,2
sj4,SINT,2
sj4,SINT,2
sj4,SSID,4
sj4,SRAD,5
sj4,SINT,3
sj4,SSID,3
sj4,PPOR,4
sj4,SSID,3
sj4,MCAV,8
sj4,MCAV,3
sj4,SSID,3
sj4,SSID,3
sj4,SBOU,7
sj4,MCAV,3
sj4,MCAV,2
sj4,PAST,8
sj4,PAST,7
sj4,MCAV,1
sj4,SINT,8
sj4,SSID,25
sj4,PAST,15
sj4,PAST,5
sj4,PAST,5
sj4,SSID,10
sj4,SSID,2
sj4,SSID,5
sj4,MCAV,12
sj4,PAST,15
sj4,PAST,25
sj4,PAST,20
sj4,SINT,8
sj4,MCAV,3
sj4,SSID,2
sj4,SSID,2
sj4,SSID,6
sj4,MCAV,1
sj4,MCAV,3
sj4,SSID,1
sj4,SBOU,2
sj4,SSID,5
sj4,SSID,2
sh6,SSID,12
sh6,SSID,31
sh6,SSID,3
sh6,SSID,1
sh6,PAST,24
sh6,PAST,4
sh6,PAST,21
sh6,SINT,4
sh6,MCAV,4
sh6,SSID,1
sh6,PAST,12
sh6,SSID,2
sh6,PAST,2
sh6,PAST,1
sh6,SSID,1
sh6,SSID,1
sh6,SSID,5
sh6,DLAB,1
sh6,SSID,1
sh6,SSID,1
sh6,SSID,2
sh6,SSID,2
sh6,PAST,2
sh6,SSID,4
sh6,MDEC,3
sh6,MDEC,2
sh6,SINT,3
sh6,SSID,1
sh6,SSID,1
sh6,PAST,9
sh6,PAST,11
sh6,SRAD,2
sh6,SSID,1
sh6,PAST,3
sh6,SSID,1
sh6,SINT,4
sh6,PAST,1
sh6,SSID,1
sb5,SINT,1
sb5,SINT,4
sb5,SINT,1
sb5,SINT,3
sb5,SINT,1
sb5,SINT,13
sb6,SSID,1
sb6,SRAD,2
sb6,SSID,2
sb6,SSID,2
sb6,SSID,2
sb7,SSID,1
sb7,SSID,1
sb7,SSID,3
sb7,SSID,6
sb7,SSID,1
sb7,SINT,3
sb7,SBOU,3
sb7,SBOU,3
sb7,SSID,4
sb7,SSID,2
sb7,SSID,2
sb7,SSID,3
sb7,SSID,1
sb7,SSID,1
sb7,SSID,1
sb7,SSID,1
sb7,SSID,1
sb7,SSID,1
sb7,SSID,1
sb7,SSID,1
sb7,SSID,1
sb7,SSID,1
sb7,SSID,1
sb7,SSID,1
sb7,SSID,1
sb7,SSID,1
sb7,SSID,1
sb7,SSID,1
sb7,SSID,1
sb7,SSID,2
sb7,SSID,1
sb7,SSID,2
sb7,SRAD,3
sb7,MCAV,4
sb7,DSTO,10
sj3,MCAV,3
sj3,MCAV,3
sj3,PAST,4
sj3,PAST,4
sj3,PAST,3
sj3,AAGA,4
sj3,SSID,1
sj3,SSID,1
sj3,SSID,1
sj3,SSID,1
sj3,SINT,3
sj3,PAST,8
sj3,MADR,5
sj3,MADR,7
sj3,PAST,6
sj3,MCAV,1
sj3,SSID,2
sj3,SSID,2
sj3,PAST,7
sj3,SSID,1
sj3,SSID,1
sj3,SSID,1
sj3,PAST,2
sj3,MMEA,10
sj3,PAST,7
sj3,SINT,4
sj3,SSID,1
sj3,PAST,8
sj3,DSTO,3
sj3,SINT,2
sj3,SSID,1
sj3,SSID,2
sj3,SSID,8
sj3,PAST,6
sj3,MCAV,4
sj3,SINT,2
sj3,MCAV,4
sj3,SSID,4
sj3,SSID,2
sj3,SSID,1
sj3,PPOR,4
sj3,MCAV,2
sj3,PAST,21
sj3,SSID,2
sj3,AAGA,8
sj3,SSID,22
sj3,SBOU,2
sj3,SINT,4
sj3,MCAV,2
sj3,SSID,11
sj3,SSID,1
sj3,SSID,1
sj3,SSID,1
sj3,SSID,1
sj3,SSID,1
sj3,SINT,2
sj3,SINT,2
sj3,SSID,4
sj3,SSID,2
sj3,MCAV,6
sj3,SINT,6
sj3,SSID,4
sj3,SSID,4
sj3,SSID,4
sj3,SSID,4
sj3,SSID,4
sj3,SINT,1
sj3,PAST,1
sj3,MCAV,3
sj3,PAST,7
sj3,SSID,1
sj3,SINT,4
sj3,PAST,6
sj3,MCAV,1
sj3,MCAV,3
sj3,SINT,1
sj2,SSID,4
sj2,SSID,2
sj2,EFAS,7
sj2,SINT,4
sj2,SSID,7
sj2,SINT,2
sj2,SINT,2
sj2,SSID,1
sj2,SSID,1
sj2,SSID,1
sj2,PAST,3
sj2,MCAV,5
sj2,SSID,1
sj2,SSID,1
sj2,SSID,1
sj2,SSID,1
sj2,SSID,1
sj2,SSID,1
sj2,SSID,3
sj2,SSID,3
sj2,SSID,3
sj2,PAST,2
sj2,PAST,2
sj2,MDEC,18
sj2,MCAV,8
sj2,MCAV,3
sj2,SSID,1
sj2,SINT,1
sj2,SSID,2
sj2,SSID,2
sj2,SINT,2
sj2,SSID,1
sj2,SSID,1
sj2,SSID,1
sj2,SINT,4
sj2,PAST,1
sj2,SSID,2
sj2,SINT,1
sj2,PAST,2
sj2,SSID,1
sj2,SSID,6
sj2,SSID,6
sj2,PAST,2
sj2,PORI,6
sj2,SSID,3
sj2,SSID,2
sj2,PAST,7
sj2,MCAV,2
sj2,SSID,1
sj2,MCAV,17
sj2,SSID,2
sj2,SSID,2
sj2,SSID,2
sj2,MMEA,12
sj2,SINT,4
sj2,SSID,1
sj2,SSID,2
sj2,MCAV,3
sh4,MDEC,12
sh4,SSID,3
sh4,SBOU,8
sh4,SSID,3
sh4,SINT,3
sh4,SSID,1
sh4,SSID,1
sh4,PAST,4
sh4,SINT,4
sh4,PAST,5
sh4,SSID,2
sh4,SSID,9
sh4,MCAV,10
sh4,SSID,10
sh4,PAST,5
sh4,SSID,3
sh4,PAST,18
sh4,SSID,2
sh4,SSID,15
sh4,SRAD,5
sh4,SINT,5
sh4,SSID,4
sh4,PAST,8
sh4,SSID,3
sh4,PAST,12
sh4,MCAV,15
sh4,MCAV,1
sh4,PAST,2
sh4,PPOR,8
sh4,SSID,2
sh4,MCAV,1
sh4,PPOR,2
sh4,MDEC,3
sh4,SINT,2
sh4,SSID,7
sh4,SSID,1
sh4,SSID,1
sh4,SSID,8
sh4,SRAD,2
sh4,SINT,1
sh4,SRAD,3
sh4,SINT,6
sh4,SINT,4
sh4,SRAD,2
sh4,SINT,6
sh4,SSID,3
sh4,MCAV,2
sh4,MCAV,1
sh4,MALI,2
sh4,SRAD,3
sh4,SRAD,3
sh4,SBOU,6
sh4,PAST,10
sh4,MCAV,4
sh4,PPOR,2
sh4,PPOR,5
sh4,PAST,15
sh4,PAST,9
sh4,SSID,2
sh4,SSID,4
sh4,PAST,8
sh4,SSID,3
sh4,SSID,2
sh4,PAST,4
sh4,PAST,5
sh4,MDEC,5
sh4,MDEC,5
sh4,SSID,1
sh4,SSID,3
sh4,SSID,2
sh4,SSID,2
sh4,SSID,2
sh4,SSID,2
sh4,SSID,5
sh4,SINT,4
sh4,SINT,4
sh3,SSID,5
sh3,SSID,2
sh3,SSID,2
sh3,SSID,2
sh3,PAST,5
sh3,SSID,5
sh3,SSID,2
sh3,SBOU,6
sh3,PAST,15
sh3,SINT,3
sh3,SSID,10
sh3,SSID,2
sh3,SSID,2
sh3,PAST,3
sh3,MCAV,3
sh3,SINT,8
sh3,SINT,9
sh3,SINT,3
sh3,PAST,3
sh3,PAST,15
sh3,PAST,2
sh3,SSID,1
sh3,SSID,1
sh3,SSID,1
sh3,SINT,3
sh3,PAST,8
sh3,PAST,2
sh3,PAST,10
sh3,SBOU,6
sh3,SBOU,2
sh3,SSID,3
sh3,SSID,1
sh3,SRAD,4
sh3,MMEA,3
sh3,SSID,6
sh3,MCAV,2
sh3,MALI,3
sh3,SINT,3
sh3,MCAV,2
sh3,SSID,1
sh3,SSID,2
sh3,SINT,3
sh3,MDEC,2
sh3,MDEC,2
sh3,MDEC,2
sh3,SRAD,4
sh3,PAST,5
sh3,MCAV,5
sh3,SSID,2
sh3,SSID,2
sh3,SSID,2
sh3,PAST,3
sh3,DSTO,9
sh3,SSID,3
sh3,MDEC,10
sh3,MDEC,8
sh3,SSID,9
sh3,SINT,4
sh3,MCAV,12
sb8,SRAD,2
sb8,SSID,1
sb8,PPOR,2
sb8,PPOR,2
sb8,SRAD,2
sb8,SSID,1
sb8,SSID,1
sb8,SSID,1
sb8,SSID,1
sb8,SSID,1
sb8,SINT,3
sb8,DSTO,6
sb8,DSTO,3
sb8,SSID,1
sb8,MCAV,3
sb8,SSID,19
sb8,SBOU,19
sb8,DSTO,7
sb8,SSID,3
sb8,SSID,3
sb8,SSID,4
sb8,SSID,8
sb8,SSID,2
sb9,SSID,3
sb9,SSID,3
sb9,SSID,2
sb9,SSID,1
sb9,SSID,1
sb9,MCAV,9
sb9,MCAV,2
sb9,SINT,6
sb9,SSID,11
sb9,DSTO,5
sb9,SSID,1
sb9,SSID,1
sb9,SINT,5
sb9,SINT,2
sb9,SSID,1
sb9,SSID,1
sb9,PPOR,1
sb9,MCAV,6
sb9,SINT,7
sb9,SINT,12
sc13,SINT,2
sc13,MCAV,3
sc13,SINT,16
sc13,SINT,11
sc13,SINT,3
sc13,AFRA,2
sc13,SSID,2
sc13,SSID,2
sc13,SSID,2
sc13,SSID,2
sc13,SSID,2
sc13,SINT,5
sc13,SINT,8
sc13,MCAV,2
sc13,SINT,4
sc13,SSID,7
sc13,MCAV,1
sc13,SRAD,2
sc13,SSID,8
sc13,SSID,5
sc13,SSID,1
sg4,MCAV,2
sg4,PSTR,7
sg4,PAST,10
sg4,SSID,2
sg4,SINT,6
sg4,SINT,6
sg4,MCAV,8
sg4,MCAV,4
sg4,SSID,10
sg4,PAST,10
sg4,SSID,8
sg4,SBOU,14
sg4,MCAV,2
sg4,SSID,4
sg4,SRAD,4
sg4,SINT,6
sg4,SINT,10
sg4,SSID,4
sg4,SSID,4
sg4,SSID,3
sg4,SSID,3
sg4,SINT,3
sg4,SSID,2
sg4,SINT,3
sg4,SBOU,8
sg4,SBOU,2
sg4,MALI,15
sg4,SSID,2
sg4,SSID,2
sg4,SINT,2
sg4,SINT,2
sg4,PAST,3
sg4,SINT,4
sg4,SSID,5
sg4,SSID,2
sg4,SSID,3
sg4,MCAV,2
sg4,MDEC,12
sg4,SINT,6
sg4,SRAD,2
sg4,PAST,15
sg4,MALI,34
sg3,SINT,8
sg3,SSID,2
sg3,SSID,2
sg3,SSID,4
sg3,SSID,3
sg3,SSID,2
sg3,SINT,3
sg3,SSID,3
sg3,SINT,6
sg3,SSID,2
sg3,MCAV,4
sg3,SSID,1
sg3,SINT,2
sg3,SSID,2
sg3,SINT,9
sg3,SSID,6
sg3,PPOR,3
sg3,PPOR,3
sg3,SINT,3
sg3,SINT,2
sg3,SSID,2
sg3,MCAV,4
sg3,DSTO,2
sg3,MCAV,2
ng3,PAST,8
ng3,SSID,3
ng3,SSID,2
ng3,SSID,2
ng3,SSID,5
ng3,SRAD,1
ng3,SINT,2
ng3,MCAV,2
ng3,PAST,2
ng3,SSID,3
ng3,SSID,2
ng3,SRAD,1
ng3,MCAV,1
ng3,MCAV,2
ng3,MCAV,6
ng3,PAST,5
ng3,PAST,7
ng3,SSID,3
ng3,SSID,3
ng3,SSID,5
ng3,SSID,2
ng3,SSID,2
ng3,PAST,9
ng3,PAST,4
ng3,MCAV,2
ng3,SINT,5
ng3,SINT,5
ng3,SSID,7
ng3,SSID,3
ng3,MCAV,2
ng3,SSID,4
ng3,PAST,10
ng3,PAST,3
ng3,PAST,4
ng3,MCAV,3
ng3,SSID,3
ng3,SINT,3
ng3,PAST,3
ng3,PAST,2
ng3,SINT,5
ng3,DSTO,2
ng3,PAST,5
ng3,SSID,1
ng3,SSID,1
ng3,SSID,1
ng3,SSID,1
ng3,SSID,4
ng3,SSID,2
ng3,SSID,1
ng3,SSID,1
ng3,SSID,1
ng3,PAST,17
ng3,PAST,7
ng3,SSID,1
ng3,DSTO,4
ng3,SSID,2
ng3,SSID,3
ng3,SSID,5
ng3,SSID,1
ng3,SSID,1
ng3,SSID,3
ng3,SSID,2
ng3,PAST,4
ng7,SINT,4
ng7,PAST,1
ng7,SSID,3
ng7,SSID,2
ng7,PAST,2
ng7,SINT,6
ng7,SINT,5
ng7,SINT,2
ng7,SSID,7
ng7,SSID,1
ng7,SSID,1
ng7,SSID,1
ng7,SSID,3
ng7,SSID,3
ng7,SSID,1
ng7,SINT,10
ng7,SINT,15
ng7,SINT,3
ng7,PPOR,5
ng7,SSID,1
ng7,SSID,1
ng7,MCAV,5
ng7,SSID,2
ng7,PPOR,7
ng7,SSID,1
ng7,SSID,2
ng7,PAST,5
ng7,SSID,3
ng7,SSID,5
ng7,SSID,4
ng7,PAST,3
ng7,SSID,1
ng7,SSID,1
ng7,SSID,2
ng7,MCAV,3
ng7,MCAV,2
ng7,SSID,2
ng7,SINT,4
ng7,SSID,2
ng7,SSID,7
ng7,PAST,10
ng7,PAST,5
ng7,SINT,4
ng7,PAST,10
ng7,PAST,10
ng7,SSID,2
ng7,SSID,2
ng7,SSID,4
ng7,PPOR,5
ng7,PPOR,5
ng1,PAST,3
ng1,SSID,2
ng1,SSID,1
ng1,SRAD,2
ng1,SRAD,2
ng1,PAST,9
ng1,SSID,4
ng1,SSID,1
ng1,SRAD,3
ng1,SSID,2
ng1,SSID,2
ng1,PAST,6
ng1,PAST,6
ng1,PAST,4
ng1,SINT,3
ng1,SSID,2
ng1,SSID,2
ng1,PAST,3
ng1,SSID,3
ng1,SSID,3
ng1,SSID,3
ng1,SSID,3
ng1,PAST,3
ng1,SSID,3
ng1,PAST,10
ng1,SSID,3
ng1,SINT,3
ng1,SSID,2
ng1,SSID,2
ng1,SSID,2
ng1,SSID,8
ng1,PAST,3
ng1,PAST,7
ng1,MCAV,3
ng1,SSID,2
ng1,AAGA,4
ng1,SBOU,1
ng1,PAST,8
ng1,SSID,1
ng1,SSID,2
ng1,SSID,4
ng1,PAST,7
ng1,SSID,2
ng1,SINT,6
ng1,SSID,2
ng1,SSID,2
ng1,SSID,1
ng1,SSID,3
ng1,SSID,2
ng2,PAST,12
ng2,SSID,1
ng2,SSID,3
ng2,PAST,11
ng2,SSID,3
ng2,SSID,2
ng2,SSID,2
ng2,PAST,13
ng2,PAST,2
ng2,MCAV,2
ng2,SRAD,2
ng2,SSID,1
ng2,PPOR,2
ng2,SRAD,2
ng2,PAST,3
ng2,PAST,4
ng2,SRAD,3
ng2,PAST,2
ng2,SSID,1
ng2,SINT,3
ng2,SSID,2
ng2,SSID,1
ng2,PAST,8
ng2,SSID,17
ng2,MCAV,24
ng2,MCAV,14
ng2,PPOR,3
ng2,PAST,5
ng2,PAST,4
ng2,SSID,1
ng2,PAST,9
ng2,SRAD,3
ng2,SSID,8
ng2,PPOR,2
ng2,SSID,2
ng2,SRAD,1
ng2,SINT,7
ng2,MCAV,2
ng2,SSID,1
ng2,SRAD,1
ng2,MCAV,5
ng2,SINT,3
ng2,PAST,3
ng2,SSID,2
ng2,MCAV,1
ng2,PAST,1
ng2,SSID,2
ng2,SSID,2
ng2,SSID,1
ng2,SSID,1
ng2,SSID,1
ng2,SSID,1
ng2,PAST,2
ng2,PAST,3
ng8,SSID,3
ng8,SSID,1
ng8,MDEC,1
ng8,SBOU,4
ng8,SSID,2
ng8,SSID,2
ng8,SSID,1
ng8,SINT,3
ng8,SINT,3
ng8,SSID,3
ng8,SSID,1
ng8,SSID,1
ng8,MCAV,6
ng8,SSID,3
ng8,SINT,4
ng8,SINT,5
ng8,PAST,11
ng8,SINT,3
ng8,SSID,2
ng8,SSID,2
ng8,SSID,1
ng8,MDEC,3
ng8,PPOR,5
ng9,SSID,2
ng9,SSID,4
ng9,PAST,12
ng9,PAST,4
ng9,PAST,6
ng9,PAST,15
ng9,PAST,18
ng9,PAST,10
ng9,SSID,8
ng9,MCAV,10
ng9,SSID,4
ng9,SSID,1
ng9,MCAV,1
ng9,PPOR,2
ng9,MCAV,3
ng9,MCAV,5
ng9,SSID,3
ng9,SSID,8
ng9,MCAV,8
ng9,SSID,1
ng9,PPOR,4
ng9,PAST,3
ng9,SSID,2
ng9,SSID,2
ng9,SSID,2
ng9,SSID,2
ng9,SINT,2
ng9,SINT,6
ng9,SINT,5
ng9,SRAD,4
ng9,PAST,2
ng9,MDEC,2
ng9,SSID,6
ng9,SINT,8
ng9,SRAD,1
ng9,SSID,1
ng9,SSID,2
sg1,MCAV,2
sg1,SINT,8
sg1,MMEA,6
sg1,PAST,8
sg1,SSID,8
sg1,PAST,15
sg1,SINT,5
sg1,OROB,15
sg1,SINT,5
sg1,SINT,10
sg1,SINT,5
sg1,SSID,10
sg1,MCAV,4
sg1,EFAS,15
sg1,MMEA,8
sg1,PAST,15
sg1,SSID,4
sg1,SINT,2
sg1,PAST,5
sg1,MDEC,10
sg1,SINT,15
sg1,SINT,4
sg1,PAST,25
sg1,SSID,1
sg1,SINT,20
sg1,PAST,20
sg1,SSID,5
sg1,MCAV,3
sg1,AAGA,5
sg1,SSID,30
sg1,PPOR,25
sg1,MCAV,5
sg1,SSID,2
sg1,AAGA,3
sg1,AAGA,10
sg1,SINT,10
sg5,MCAV,4
sg5,SINT,5
sg5,SINT,2
sg5,MCAV,3
sg5,MCAV,5
sg5,SSID,15
sg5,SSID,8
sg5,MCAV,10
sg5,SINT,1
sg5,SINT,5
sg5,SSID,1
sg5,MCAV,4
sg5,SSID,4
sg5,SSID,3
sg5,MCAV,4
sg5,SINT,8
sg5,SSID,5
sg5,PPOR,12
sg5,PPOR,10
sg5,SSID,3
sg5,SINT,4
sg5,SSID,4
sg5,SINT,10
sg5,MCAV,5
sg5,MDEC,5
sg5,SINT,4
sg5,MDEC,10
sg5,SINT,5
sg5,MCAV,8
sg5,SINT,3
sg5,SINT,5
sg5,MCAV,20
sg5,MMEA,6
sg5,PAST,10
sg5,SSID,2
sg5,SSID,1
sg5,SINT,5
sg5,MCAV,5
sg5,SSID,3
sg5,PPOR,10
sg5,SSID,3
sg5,PAST,15
sj1,PPOR,6
sj1,SSID,1
sj1,SSID,4
sj1,SSID,2
sj1,PPOR,6
sj1,PPOR,1
sj1,SSID,2
sj1,SRAD,1
sj1,SSID,2
sj1,SSID,1
sj1,SSID,2
sj1,SINT,7
sj1,SSID,7
sj1,MDEC,8
sj1,SINT,7
sj1,PPOR,2
sj1,PAST,1
sj1,SSID,8
sj1,SSID,2
sj1,SSID,2
sj1,MDEC,2
sj1,PAST,2
sj1,SINT,3
sj1,SINT,2
sj1,PAST,1
sj1,SSID,4
sj1,PAST,20
sj1,SINT,3
sj1,SSID,9
sj1,SSID,3
sj1,SSID,1
sj1,MCAV,5
sj1,PAST,8
sj1,SSID,5
sj1,SSID,3
sj1,SINT,5
sj1,SSID,2
sj1,SSID,1
sj1,SSID,1
sj1,SINT,3
sj1,SINT,2
sj1,SSID,1
sj1,SSID,2
sj1,MCAV,5
sj1,SSID,1
sg7,PAST,4
sg7,PPOR,5
sg7,SSID,2
sg7,SSID,5
sg7,SINT,5
sg7,SSID,1
sg7,SSID,1
sg7,AAGA,5
sg7,MDEC,5
sg7,MDEC,4
sg7,SINT,3
sg7,PAST,3
sg7,SSID,1
sg7,SINT,1
sg7,SSID,7
sg7,SINT,3
sg7,PPOR,15
sg7,PPOR,10
sg7,SSID,6
sg7,SSID,2
sg7,SSID,3
sg7,SSID,5
sg7,SSID,3
sg7,SSID,2
sg7,SSID,2
sg7,MCAV,6
sg7,MCAV,4
sg7,SSID,5
sg7,SSID,5
sg7,SSID,1
sg7,SSID,1
sg7,SSID,1
sg7,SSID,4
sg7,SSID,4
sg7,SSID,5
sg7,MFER,25
sg7,SSID,5
sg7,PPOR,5
nh7,SBOU,3
nh7,PAST,10
nh7,MDEC,6
nh7,SSID,2
nh7,PAST,5
nh7,SSID,3
nh7,MCAV,8
nh7,SSID,8
nh7,PAST,2
nh7,SSID,1
nh7,SINT,3
nh7,SINT,3
nh7,SSID,3
nh7,SSID,1
nh7,SSID,2
nh7,SINT,4
nh7,PAST,7
nh7,PAST,5
nh7,SSID,1
nh7,SSID,1
nh7,SINT,7
nh7,PAST,10
nh7,SSID,4
nh7,SSID,1
nh7,SSID,1
nh7,DSTO,3
nh7,SSID,2
nh7,SINT,3
nh7,SSID,1
nh7,SSID,1
nh7,PAST,6
nh7,PAST,10
nh7,SSID,3
nh7,PAST,10
nh7,MCAV,3
nh7,SSID,2
nh7,SSID,3
nh7,PAST,2
nh7,PAST,3
nh7,SINT,3
nh7,SSID,1
nh7,SSID,1
nh7,MCAV,2
nh7,SSID,4
nh7,SSID,4
nh7,MCAV,3
nh7,PAST,15
nh7,PAST,3
nh7,SSID,8
nh7,MCAV,3
nh7,PAST,4
nh7,MCAV,4
nh7,SINT,4
nh7,PAST,4
nh7,PAST,1
nh7,PAST,10
nh7,PAST,10
nh7,SSID,20
nh7,SINT,5
nh7,SINT,2
nh7,MCAV,10
nh7,PAST,10
nh7,SSID,7
nh7,PAST,3
sh5,MCAV,1
sh5,PAST,3
sh5,PAST,7
sh5,MCAV,12
sh5,PAST,2
sh5,MDEC,6
sh5,SSID,2
sh5,PAST,20
sh5,PAST,8
sh5,SSID,2
sh5,SSID,7
sh5,MCAV,2
sh5,SSID,3
sh5,SSID,3
sh5,SSID,2
sh5,PPOR,4
sh5,DSTO,3
sh5,PPOR,8
sh5,SSID,1
sh5,PPOR,5
sh5,PAST,3
sh5,SSID,3
sh5,PPOR,5
sh5,SINT,2
sh5,SSID,3
sh5,PAST,4
sh5,SRAD,3
sh5,PAST,22
sh5,SSID,1
sh5,SSID,3
sh5,PAST,3
sh5,SSID,1
sh5,SSID,4
sh5,SSID,2
sh5,SRAD,3
sh5,SSID,3
sh5,MCAV,2
sh5,PPOR,4
sh5,SSID,2
sh5,PAST,4
sh5,SSID,11
sh5,SSID,6
sh5,SSID,1
sh5,SSID,1
sh5,SSID,8
sh5,SSID,2
sh5,SSID,2
sh5,SSID,6
sh5,PAST,3
sh5,SINT,2
sh5,PAST,1
sh5,PAST,1
sh5,SSID,2
sh5,SSID,2
sh5,PAST,4
sh5,SINT,9
sh5,SRAD,2
sh5,SRAD,4
sh5,PAST,9
sh5,SSID,2
sh5,PAST,1
sh5,SINT,1
sh5,SBOU,8
sh5,AAGA,4
sh5,MCAV,2
sh5,SSID,2
sh5,SSID,2
sh5,SSID,2
sh5,SSID,3
sh5,PPOR,6
sh5,SRAD,2
sh5,MDEC,12
sh5,PPOR,5
sh5,PAST,8
sh5,SRAD,1
sh5,MCAV,2
sh5,MCAV,5
sh5,SSID,3
sh5,SRAD,2
sh5,SRAD,2
