batch,site,latitude,longitude,subregion,zone,field_habitat,team,transect_num,date,end_depth,mussinae_ct,faviinae_ct,meandrinidae_ct,montastraea_ct
2024B,AA1083,26.241249,-80.083107,Broward-Miami,Forereef,Contiguous Reef Other,Broward County,1,8/14/24,18,0,0,0,0
2024B,AA1083,26.241249,-80.083107,Broward-Miami,Forereef,Contiguous Reef Other,Broward County,2,8/14/24,16,0,0,0,0
2024B,AA1083,26.241249,-80.083107,Broward-Miami,Forereef,Contiguous Reef Other,Broward County,3,8/14/24,18,0,0,0,0
2024B,AA1083,26.241249,-80.083107,Broward-Miami,Forereef,Contiguous Reef Other,Broward County,4,8/14/24,16,0,0,0,0
2024B,AA1084,26.237202,-80.08564,Broward-Miami,Forereef,Contiguous Reef Other,Broward County,1,8/14/24,12,0,0,0,0
2024B,AA1084,26.237202,-80.08564,Broward-Miami,Forereef,Contiguous Reef Other,Broward County,2,8/14/24,13,0,0,0,0
2024B,AA1084,26.237202,-80.08564,Broward-Miami,Forereef,Contiguous Reef Other,Broward County,3,8/14/24,12,0,0,0,0
2024B,AA1084,26.237202,-80.08564,Broward-Miami,Forereef,Contiguous Reef Other,Broward County,4,8/14/24,13,0,0,0,0
2024B,AA1086,26.23089,-80.087189,Broward-Miami,Forereef,Contiguous Reef Other,Broward County,1,8/14/24,12,0,0,0,0
2024B,AA1086,26.23089,-80.087189,Broward-Miami,Forereef,Contiguous Reef Other,Broward County,2,8/14/24,16,0,0,1,0
2024B,AA1086,26.23089,-80.087189,Broward-Miami,Forereef,Contiguous Reef Other,Broward County,3,8/14/24,12,0,0,0,0
2024B,AA1086,26.23089,-80.087189,Broward-Miami,Forereef,Contiguous Reef Other,Broward County,4,8/14/24,16,0,0,0,0
2024B,AA1087,26.228138,-80.0802,Broward-Miami,Forereef,Contiguous Reef Other,Broward County,1,10/1/24,27,0,0,0,5
2024B,AA1087,26.228138,-80.0802,Broward-Miami,Forereef,Contiguous Reef Other,Broward County,2,10/1/24,30,0,0,0,0
2024B,AA1087,26.228138,-80.0802,Broward-Miami,Forereef,Contiguous Reef Other,Broward County,3,10/1/24,27,0,0,1,2
2024B,AA1087,26.228138,-80.0802,Broward-Miami,Forereef,Contiguous Reef Other,Broward County,4,10/1/24,30,0,0,0,0
2024B,AA1089,26.226822,-80.08622,Broward-Miami,Forereef,Reef Rubble,Broward County,1,8/14/24,17,0,0,0,0
2024B,AA1089,26.226822,-80.08622,Broward-Miami,Forereef,Reef Rubble,Broward County,2,8/14/24,16,0,0,0,0
2024B,AA1089,26.226822,-80.08622,Broward-Miami,Forereef,Reef Rubble,Broward County,3,8/14/24,17,0,0,0,0
2024B,AA1089,26.226822,-80.08622,Broward-Miami,Forereef,Reef Rubble,Broward County,4,8/14/24,16,0,0,0,0
2024B,AA1090,26.22366,-80.085747,Broward-Miami,Forereef,Reef Rubble,Broward County,1,8/14/24,15,0,0,0,0
2024B,AA1090,26.22366,-80.085747,Broward-Miami,Forereef,Reef Rubble,Broward County,2,8/14/24,16,0,0,0,0
2024B,AA1090,26.22366,-80.085747,Broward-Miami,Forereef,Reef Rubble,Broward County,3,8/14/24,15,0,0,0,0
2024B,AA1090,26.22366,-80.085747,Broward-Miami,Forereef,Reef Rubble,Broward County,4,8/14/24,16,0,0,0,0
2024B,AA1091,26.223221,-80.087753,Broward-Miami,Forereef,Contiguous Reef Other,Broward County,1,10/16/24,17,0,0,0,0
2024B,AA1091,26.223221,-80.087753,Broward-Miami,Forereef,Contiguous Reef Other,Broward County,2,10/16/24,19,0,0,0,0
2024B,AA1091,26.223221,-80.087753,Broward-Miami,Forereef,Contiguous Reef Other,Broward County,3,10/16/24,17,0,0,0,0
2024B,AA1091,26.223221,-80.087753,Broward-Miami,Forereef,Contiguous Reef Other,Broward County,4,10/16/24,19,0,0,0,0
2024B,AA1092,26.217794,-80.088824,Broward-Miami,Forereef,Contiguous Reef Other,Broward County,1,8/14/24,12,0,0,0,0
2024B,AA1092,26.217794,-80.088824,Broward-Miami,Forereef,Contiguous Reef Other,Broward County,2,8/14/24,12,0,0,0,0
2024B,AA1092,26.217794,-80.088824,Broward-Miami,Forereef,Contiguous Reef Other,Broward County,3,8/14/24,12,0,0,0,0
2024B,AA1092,26.217794,-80.088824,Broward-Miami,Forereef,Contiguous Reef Other,Broward County,4,8/14/24,12,0,0,0,0
2024B,AA1094,26.202915,-80.089409,Broward-Miami,Forereef,Contiguous Reef Other,Broward County,1,9/9/24,16,0,0,0,0
2024B,AA1094,26.202915,-80.089409,Broward-Miami,Forereef,Contiguous Reef Other,Broward County,2,9/9/24,18,0,0,0,0
2024B,AA1094,26.202915,-80.089409,Broward-Miami,Forereef,Contiguous Reef Other,Broward County,3,9/9/24,16,0,0,0,0
2024B,AA1094,26.202915,-80.089409,Broward-Miami,Forereef,Contiguous Reef Other,Broward County,4,9/9/24,18,0,0,0,0
2024B,AA1095,26.202894,-80.085907,Broward-Miami,Forereef,Contiguous Reef Other,Broward County,1,10/16/24,15,0,0,0,1
2024B,AA1095,26.202894,-80.085907,Broward-Miami,Forereef,Contiguous Reef Other,Broward County,2,10/16/24,13,0,0,0,1
2024B,AA1095,26.202894,-80.085907,Broward-Miami,Forereef,Contiguous Reef Other,Broward County,3,10/16/24,15,0,0,0,1
2024B,AA1095,26.202894,-80.085907,Broward-Miami,Forereef,Contiguous Reef Other,Broward County,4,10/16/24,13,0,0,0,0
2024B,AA1096,26.191198,-80.092506,Broward-Miami,Forereef,Contiguous Reef Other,Broward County,1,10/16/24,11,0,0,0,0
2024B,AA1096,26.191198,-80.092506,Broward-Miami,Forereef,Contiguous Reef Other,Broward County,2,10/16/24,12,0,0,0,0
2024B,AA1096,26.191198,-80.092506,Broward-Miami,Forereef,Contiguous Reef Other,Broward County,3,10/16/24,11,0,0,0,0
2024B,AA1096,26.191198,-80.092506,Broward-Miami,Forereef,Contiguous Reef Other,Broward County,4,10/16/24,13,0,0,0,0
2024B,AA1097,26.188919,-80.08902,Broward-Miami,Forereef,Contiguous Reef Other,Broward County,1,8/14/24,17,0,0,0,0
2024B,AA1097,26.188919,-80.08902,Broward-Miami,Forereef,Contiguous Reef Other,Broward County,2,8/14/24,18,0,0,0,0
2024B,AA1097,26.188919,-80.08902,Broward-Miami,Forereef,Contiguous Reef Other,Broward County,3,8/14/24,17,0,0,0,0
2024B,AA1097,26.188919,-80.08902,Broward-Miami,Forereef,Contiguous Reef Other,Broward County,4,8/14/24,18,0,0,0,0
2024B,AA1098,26.18891,-80.087517,Broward-Miami,Forereef,Contiguous Reef Other,Broward County,1,10/1/24,15,0,0,0,0
2024B,AA1098,26.18891,-80.087517,Broward-Miami,Forereef,Contiguous Reef Other,Broward County,2,10/1/24,16,0,0,0,0
2024B,AA1098,26.18891,-80.087517,Broward-Miami,Forereef,Contiguous Reef Other,Broward County,3,10/1/24,15,0,0,0,2
2024B,AA1098,26.18891,-80.087517,Broward-Miami,Forereef,Contiguous Reef Other,Broward County,4,10/1/24,16,0,0,0,0
2024B,AA1099,26.186207,-80.088539,Broward-Miami,Forereef,Contiguous Reef Other,Broward County,1,10/16/24,11,0,0,0,0
2024B,AA1099,26.186207,-80.088539,Broward-Miami,Forereef,Contiguous Reef Other,Broward County,2,10/16/24,11,0,0,0,0
2024B,AA1099,26.186207,-80.088539,Broward-Miami,Forereef,Contiguous Reef Other,Broward County,3,10/16/24,11,0,0,0,2
2024B,AA1099,26.186207,-80.088539,Broward-Miami,Forereef,Contiguous Reef Other,Broward County,4,10/16/24,11,0,0,0,0
2024B,AA1102,26.175322,-80.08062,Broward-Miami,Forereef,Contiguous Reef Other,Broward County,1,10/1/24,61,0,0,0,2
2024B,AA1102,26.175322,-80.08062,Broward-Miami,Forereef,Contiguous Reef Other,Broward County,2,10/1/24,58,0,0,1,2
2024B,AA1102,26.175322,-80.08062,Broward-Miami,Forereef,Contiguous Reef Other,Broward County,3,10/1/24,61,0,0,0,2
2024B,AA1102,26.175322,-80.08062,Broward-Miami,Forereef,Contiguous Reef Other,Broward County,4,10/1/24,58,0,0,0,0
2024B,AA1168,25.965652,-80.093951,Broward-Miami,Forereef,Contiguous Reef Other,DEP - Miami,1,10/24/24,56,0,0,0,0
2024B,AA1168,25.965652,-80.093951,Broward-Miami,Forereef,Contiguous Reef Other,DEP - Miami,2,10/24/24,56,2,0,0,3
2024B,AA1168,25.965652,-80.093951,Broward-Miami,Forereef,Contiguous Reef Other,DEP - Miami,3,10/24/24,56,0,0,0,0
2024B,AA1168,25.965652,-80.093951,Broward-Miami,Forereef,Contiguous Reef Other,DEP - Miami,4,10/24/24,56,1,0,0,2
2024B,AA1169,25.965549,-80.105232,Broward-Miami,Forereef,Contiguous Reef Other,DEP - Miami,1,9/12/24,30,0,0,0,1
2024B,AA1169,25.965549,-80.105232,Broward-Miami,Forereef,Contiguous Reef Other,DEP - Miami,2,9/12/24,31,0,3,0,0
2024B,AA1169,25.965549,-80.105232,Broward-Miami,Forereef,Contiguous Reef Other,DEP - Miami,3,9/12/24,30,0,0,0,0
2024B,AA1169,25.965549,-80.105232,Broward-Miami,Forereef,Contiguous Reef Other,DEP - Miami,4,9/12/24,31,0,0,0,0
2024B,AA1171,25.957443,-80.108284,Broward-Miami,Forereef,Contiguous Reef Other,DEP - Miami,1,9/12/24,17,0,0,0,1
2024B,AA1171,25.957443,-80.108284,Broward-Miami,Forereef,Contiguous Reef Other,DEP - Miami,2,9/12/24,19,0,0,0,0
2024B,AA1171,25.957443,-80.108284,Broward-Miami,Forereef,Contiguous Reef Other,DEP - Miami,3,9/12/24,17,0,0,0,0
2024B,AA1171,25.957443,-80.108284,Broward-Miami,Forereef,Contiguous Reef Other,DEP - Miami,4,9/12/24,19,0,0,0,1
2024B,AA1172,25.956972,-80.105293,Broward-Miami,Forereef,Contiguous Reef Other,DEP - Miami,1,9/12/24,32,0,0,0,1
2024B,AA1172,25.956972,-80.105293,Broward-Miami,Forereef,Contiguous Reef Other,DEP - Miami,2,9/12/24,32,0,0,0,3
2024B,AA1172,25.956972,-80.105293,Broward-Miami,Forereef,Contiguous Reef Other,DEP - Miami,3,9/12/24,32,0,0,0,2
2024B,AA1172,25.956972,-80.105293,Broward-Miami,Forereef,Contiguous Reef Other,DEP - Miami,4,9/12/24,32,0,0,0,0
2024B,AA1173,25.95618,-80.09909,Broward-Miami,Forereef,Contiguous Reef Other,DEP - Miami,1,9/12/24,42,0,0,1,2
2024B,AA1173,25.95618,-80.09909,Broward-Miami,Forereef,Contiguous Reef Other,DEP - Miami,2,9/12/24,43,0,0,0,0
2024B,AA1173,25.95618,-80.09909,Broward-Miami,Forereef,Contiguous Reef Other,DEP - Miami,3,9/12/24,42,0,0,0,0
2024B,AA1173,25.95618,-80.09909,Broward-Miami,Forereef,Contiguous Reef Other,DEP - Miami,4,9/12/24,43,0,0,0,0
2024B,AA1174,25.954613,-80.088829,Broward-Miami,Forereef,Contiguous Reef Other,DEP - Miami,1,10/4/24,60,1,0,1,0
2024B,AA1174,25.954613,-80.088829,Broward-Miami,Forereef,Contiguous Reef Other,DEP - Miami,2,10/4/24,57,0,0,0,0
2024B,AA1174,25.954613,-80.088829,Broward-Miami,Forereef,Contiguous Reef Other,DEP - Miami,3,10/24/24,58,0,0,0,1
2024B,AA1174,25.954613,-80.088829,Broward-Miami,Forereef,Contiguous Reef Other,DEP - Miami,4,10/4/24,57,0,0,0,2
2024B,AA1175,25.951584,-80.109825,Broward-Miami,Forereef,Contiguous Reef Other,DEP - Miami,1,10/4/24,20,0,0,0,0
2024B,AA1175,25.951584,-80.109825,Broward-Miami,Forereef,Contiguous Reef Other,DEP - Miami,2,10/4/24,18,0,0,0,0
2024B,AA1175,25.951584,-80.109825,Broward-Miami,Forereef,Contiguous Reef Other,DEP - Miami,3,10/4/24,20,0,0,0,0
2024B,AA1175,25.951584,-80.109825,Broward-Miami,Forereef,Contiguous Reef Other,DEP - Miami,4,10/4/24,18,0,0,0,0
2024B,AA1176,25.949341,-80.112343,Broward-Miami,Forereef,Contiguous Reef Other,DEP - Miami,1,9/20/24,21,0,0,0,2
2024B,AA1176,25.949341,-80.112343,Broward-Miami,Forereef,Contiguous Reef Other,DEP - Miami,2,9/20/24,20,0,0,0,0
2024B,AA1176,25.949341,-80.112343,Broward-Miami,Forereef,Contiguous Reef Other,DEP - Miami,3,9/20/24,21,0,0,2,0
2024B,AA1176,25.949341,-80.112343,Broward-Miami,Forereef,Contiguous Reef Other,DEP - Miami,4,9/20/24,20,0,0,0,0
2024B,AA1177,25.949293,-80.104355,Broward-Miami,Forereef,Contiguous Reef Other,DEP - Miami,1,9/13/24,32,0,0,0,0
2024B,AA1177,25.949293,-80.104355,Broward-Miami,Forereef,Contiguous Reef Other,DEP - Miami,2,9/13/24,32,0,0,0,0
2024B,AA1177,25.949293,-80.104355,Broward-Miami,Forereef,Contiguous Reef Other,DEP - Miami,3,9/13/24,32,0,0,0,0
2024B,AA1177,25.949293,-80.104355,Broward-Miami,Forereef,Contiguous Reef Other,DEP - Miami,4,9/13/24,32,0,0,0,0
2024B,AA1178,25.945692,-80.106377,Broward-Miami,Forereef,Contiguous Reef Other,DEP - Miami,1,9/13/24,36,0,0,1,3
2024B,AA1178,25.945692,-80.106377,Broward-Miami,Forereef,Contiguous Reef Other,DEP - Miami,2,9/13/24,30,0,0,0,1
2024B,AA1178,25.945692,-80.106377,Broward-Miami,Forereef,Contiguous Reef Other,DEP - Miami,3,9/13/24,36,0,1,0,0
2024B,AA1178,25.945692,-80.106377,Broward-Miami,Forereef,Contiguous Reef Other,DEP - Miami,4,9/13/24,30,0,0,0,1
2024B,AA1179,25.944366,-80.110878,Broward-Miami,Forereef,Contiguous Reef Other,DEP - Miami,1,9/20/24,24,0,0,0,1
2024B,AA1179,25.944366,-80.110878,Broward-Miami,Forereef,Contiguous Reef Other,DEP - Miami,2,9/20/24,20,0,0,1,0
2024B,AA1179,25.944366,-80.110878,Broward-Miami,Forereef,Contiguous Reef Other,DEP - Miami,3,9/20/24,24,0,0,0,0
2024B,AA1179,25.944366,-80.110878,Broward-Miami,Forereef,Contiguous Reef Other,DEP - Miami,4,9/20/24,20,0,0,0,2
2024B,AA1180,25.943899,-80.108391,Broward-Miami,Forereef,Contiguous Reef Other,DEP - Miami,1,9/13/24,17,0,0,0,0
2024B,AA1180,25.943899,-80.108391,Broward-Miami,Forereef,Contiguous Reef Other,DEP - Miami,2,9/13/24,17,0,0,0,0
2024B,AA1180,25.943899,-80.108391,Broward-Miami,Forereef,Contiguous Reef Other,DEP - Miami,3,9/13/24,17,0,0,0,0
2024B,AA1180,25.943899,-80.108391,Broward-Miami,Forereef,Contiguous Reef Other,DEP - Miami,4,9/13/24,17,0,0,0,0
2024B,AA1181,25.940453,-80.102147,Broward-Miami,Forereef,Contiguous Reef Other,DEP - Miami,1,9/20/24,37,0,0,1,2
2024B,AA1181,25.940453,-80.102147,Broward-Miami,Forereef,Contiguous Reef Other,DEP - Miami,2,9/20/24,30,0,0,0,0
2024B,AA1181,25.940453,-80.102147,Broward-Miami,Forereef,Contiguous Reef Other,DEP - Miami,3,9/20/24,37,0,1,0,0
2024B,AA1181,25.940453,-80.102147,Broward-Miami,Forereef,Contiguous Reef Other,DEP - Miami,4,9/20/24,30,0,0,0,2
2024B,AA1182,25.939398,-80.11042,Broward-Miami,Forereef,Contiguous Reef Other,DEP - Miami,1,9/13/24,17,0,0,0,0
2024B,AA1182,25.939398,-80.11042,Broward-Miami,Forereef,Contiguous Reef Other,DEP - Miami,2,10/4/24,16,0,0,0,1
2024B,AA1182,25.939398,-80.11042,Broward-Miami,Forereef,Contiguous Reef Other,DEP - Miami,3,9/13/24,17,0,0,0,0
2024B,AA1182,25.939398,-80.11042,Broward-Miami,Forereef,Contiguous Reef Other,DEP - Miami,4,9/13/24,17,0,0,0,0
2024B,AA1183,25.938812,-80.088951,Broward-Miami,Forereef,Contiguous Reef Other,DEP - Miami,1,10/4/24,60,1,0,0,0
2024B,AA1183,25.938812,-80.088951,Broward-Miami,Forereef,Contiguous Reef Other,DEP - Miami,2,10/4/24,53,0,0,0,1
2024B,AA1183,25.938812,-80.088951,Broward-Miami,Forereef,Contiguous Reef Other,DEP - Miami,3,10/24/24,56,1,0,1,1
2024B,AA1183,25.938812,-80.088951,Broward-Miami,Forereef,Contiguous Reef Other,DEP - Miami,4,10/4/24,53,1,0,0,0
2024B,AA1184,25.932644,-80.113464,Broward-Miami,Forereef,Reef Rubble,DEP - Miami,1,9/20/24,24,0,0,1,1
2024B,AA1184,25.932644,-80.113464,Broward-Miami,Forereef,Reef Rubble,DEP - Miami,2,9/20/24,25,0,0,0,0
2024B,AA1184,25.932644,-80.113464,Broward-Miami,Forereef,Reef Rubble,DEP - Miami,3,9/20/24,24,0,0,2,1
2024B,AA1184,25.932644,-80.113464,Broward-Miami,Forereef,Reef Rubble,DEP - Miami,4,9/20/24,25,0,0,0,0
2024B,AA1185,25.919012,-80.099091,Broward-Miami,Forereef,Reef Rubble,DEP - Miami,1,9/20/24,46,0,0,0,0
2024B,AA1185,25.919012,-80.099091,Broward-Miami,Forereef,Reef Rubble,DEP - Miami,2,9/20/24,43,0,1,0,0
2024B,AA1185,25.919012,-80.099091,Broward-Miami,Forereef,Reef Rubble,DEP - Miami,3,9/20/24,46,0,0,0,0
2024B,AA1185,25.919012,-80.099091,Broward-Miami,Forereef,Reef Rubble,DEP - Miami,4,9/20/24,43,0,2,0,0
2024B,AA1186,25.906393,-80.102684,Broward-Miami,Forereef,Contiguous Reef Other,DEP - Miami,1,9/6/24,30,0,0,0,1
2024B,AA1186,25.906393,-80.102684,Broward-Miami,Forereef,Contiguous Reef Other,DEP - Miami,2,9/6/24,31,0,0,0,2
2024B,AA1186,25.906393,-80.102684,Broward-Miami,Forereef,Contiguous Reef Other,DEP - Miami,3,9/6/24,30,0,0,0,1
2024B,AA1186,25.906393,-80.102684,Broward-Miami,Forereef,Contiguous Reef Other,DEP - Miami,4,9/6/24,31,0,0,1,2
2024B,AA1187,25.901132,-80.09552,Broward-Miami,Forereef,Contiguous Reef Other,DEP - Miami,1,9/6/24,51,0,0,0,0
2024B,AA1187,25.901132,-80.09552,Broward-Miami,Forereef,Contiguous Reef Other,DEP - Miami,2,9/6/24,51,0,0,0,0
2024B,AA1187,25.901132,-80.09552,Broward-Miami,Forereef,Contiguous Reef Other,DEP - Miami,3,9/6/24,51,0,0,0,0
2024B,AA1187,25.901132,-80.09552,Broward-Miami,Forereef,Contiguous Reef Other,DEP - Miami,4,9/6/24,51,0,0,0,0
2024B,AA1188,25.896439,-80.099258,Broward-Miami,Forereef,Contiguous Reef Other,DEP - Miami,1,9/6/24,43,0,0,0,1
2024B,AA1188,25.896439,-80.099258,Broward-Miami,Forereef,Contiguous Reef Other,DEP - Miami,2,9/6/24,43,0,0,0,1
2024B,AA1188,25.896439,-80.099258,Broward-Miami,Forereef,Contiguous Reef Other,DEP - Miami,3,9/6/24,43,1,0,0,0
2024B,AA1188,25.896439,-80.099258,Broward-Miami,Forereef,Contiguous Reef Other,DEP - Miami,4,9/6/24,43,0,1,0,1
2024B,AA1189,25.887899,-80.105316,Broward-Miami,Forereef,Contiguous Reef Other,DEP - Miami,1,9/6/24,28,0,0,0,0
2024B,AA1189,25.887899,-80.105316,Broward-Miami,Forereef,Contiguous Reef Other,DEP - Miami,2,9/6/24,27,0,0,0,0
2024B,AA1189,25.887899,-80.105316,Broward-Miami,Forereef,Contiguous Reef Other,DEP - Miami,3,9/6/24,27,0,0,0,1
2024B,AA1189,25.887899,-80.105316,Broward-Miami,Forereef,Contiguous Reef Other,DEP - Miami,4,9/6/24,27,0,0,0,2
2024B,AA1190,25.886063,-80.100342,Broward-Miami,Forereef,Contiguous Reef Other,DEP - Miami,1,8/28/24,33,0,0,1,7
2024B,AA1190,25.886063,-80.100342,Broward-Miami,Forereef,Contiguous Reef Other,DEP - Miami,2,8/28/24,33,0,0,1,8
2024B,AA1190,25.886063,-80.100342,Broward-Miami,Forereef,Contiguous Reef Other,DEP - Miami,3,8/28/24,33,0,0,2,3
2024B,AA1190,25.886063,-80.100342,Broward-Miami,Forereef,Contiguous Reef Other,DEP - Miami,4,8/28/24,33,0,0,0,7
2024B,AA1192,25.879761,-80.103378,Broward-Miami,Forereef,Contiguous Reef Other,DEP - Miami,1,9/3/24,27,0,0,0,0
2024B,AA1192,25.879761,-80.103378,Broward-Miami,Forereef,Contiguous Reef Other,DEP - Miami,2,9/3/24,28,0,0,0,0
2024B,AA1192,25.879761,-80.103378,Broward-Miami,Forereef,Contiguous Reef Other,DEP - Miami,3,9/3/24,28,0,0,0,0
2024B,AA1192,25.879761,-80.103378,Broward-Miami,Forereef,Contiguous Reef Other,DEP - Miami,4,9/3/24,28,0,0,0,0
2024B,AA1196,25.874331,-80.101425,Broward-Miami,Forereef,Contiguous Reef Other,DEP - Miami,1,9/6/24,40,0,0,0,3
2024B,AA1196,25.874331,-80.101425,Broward-Miami,Forereef,Contiguous Reef Other,DEP - Miami,2,9/6/24,34,0,0,0,0
2024B,AA1196,25.874331,-80.101425,Broward-Miami,Forereef,Contiguous Reef Other,DEP - Miami,3,9/6/24,40,0,0,0,0
2024B,AA1196,25.874331,-80.101425,Broward-Miami,Forereef,Contiguous Reef Other,DEP - Miami,4,9/6/24,40,0,0,0,1
2024B,AA1197,25.863546,-80.109489,Broward-Miami,Forereef,Contiguous Reef Other,DEP - Miami,1,9/3/24,16,0,0,0,0
2024B,AA1197,25.863546,-80.109489,Broward-Miami,Forereef,Contiguous Reef Other,DEP - Miami,2,9/3/24,16,0,0,0,0
2024B,AA1197,25.863546,-80.109489,Broward-Miami,Forereef,Contiguous Reef Other,DEP - Miami,3,9/3/24,16,0,0,0,0
2024B,AA1197,25.863546,-80.109489,Broward-Miami,Forereef,Contiguous Reef Other,DEP - Miami,4,9/3/24,16,0,0,0,0
2024B,AA1198,25.861854,-80.113935,Broward-Miami,Forereef,Contiguous Reef Other,DEP - Miami,1,9/3/24,18,0,0,0,0
2024B,AA1198,25.861854,-80.113935,Broward-Miami,Forereef,Contiguous Reef Other,DEP - Miami,2,9/3/24,18,0,0,0,0
2024B,AA1198,25.861854,-80.113935,Broward-Miami,Forereef,Contiguous Reef Other,DEP - Miami,3,9/3/24,18,0,0,0,0
2024B,AA1198,25.861854,-80.113935,Broward-Miami,Forereef,Contiguous Reef Other,DEP - Miami,4,9/3/24,18,0,0,0,0
2024B,AA1199,25.861301,-80.111504,Broward-Miami,Forereef,Contiguous Reef Other,DEP - Miami,1,9/3/24,18,0,0,0,0
2024B,AA1199,25.861301,-80.111504,Broward-Miami,Forereef,Contiguous Reef Other,DEP - Miami,2,9/3/24,18,0,1,0,0
2024B,AA1199,25.861301,-80.111504,Broward-Miami,Forereef,Contiguous Reef Other,DEP - Miami,3,9/3/24,18,0,0,0,0
2024B,AA1199,25.861301,-80.111504,Broward-Miami,Forereef,Contiguous Reef Other,DEP - Miami,4,9/3/24,18,0,0,0,0
2024B,AA2151,25.954735,-80.108307,Broward-Miami,Forereef,Contiguous Reef Other,DEP - Miami,1,10/4/24,21,0,0,0,0
2024B,AA2151,25.954735,-80.108307,Broward-Miami,Forereef,Contiguous Reef Other,DEP - Miami,2,10/4/24,21,0,0,0,0
2024B,AA2151,25.954735,-80.108307,Broward-Miami,Forereef,Contiguous Reef Other,DEP - Miami,3,10/4/24,21,0,0,0,0
2024B,AA2151,25.954735,-80.108307,Broward-Miami,Forereef,Contiguous Reef Other,DEP - Miami,4,10/4/24,21,0,0,0,0
2024B,AA2158,25.92765,-80.109009,Broward-Miami,Forereef,Contiguous Reef Other,DEP - Miami,1,10/24/24,20,1,0,0,0
2024B,AA2158,25.92765,-80.109009,Broward-Miami,Forereef,Contiguous Reef Other,DEP - Miami,2,10/24/24,20,0,0,1,0
2024B,AA2158,25.92765,-80.109009,Broward-Miami,Forereef,Contiguous Reef Other,DEP - Miami,3,10/24/24,20,0,0,0,0
2024B,AA2158,25.92765,-80.109009,Broward-Miami,Forereef,Contiguous Reef Other,DEP - Miami,4,10/24/24,20,0,0,0,0
2024B,AA3067,25.9586167,-80.0969333,Broward-Miami,Forereef,Contiguous Reef Other,DEP - Miami,1,9/12/24,43,0,0,0,0
2024B,AA3067,25.9586167,-80.0969333,Broward-Miami,Forereef,Contiguous Reef Other,DEP - Miami,2,9/12/24,43,0,0,0,0
2024B,AA3067,25.9586167,-80.0969333,Broward-Miami,Forereef,Contiguous Reef Other,DEP - Miami,3,9/12/24,43,0,0,0,0
2024B,AA3067,25.9586167,-80.0969333,Broward-Miami,Forereef,Contiguous Reef Other,DEP - Miami,4,9/12/24,43,0,0,0,0
2024B,AA1191,25.88082,-80.10008,Broward-Miami,Forereef,Contiguous Reef Other,DERM - Miami,1,9/16/24,41,2,0,0,3
2024B,AA1191,25.88082,-80.10008,Broward-Miami,Forereef,Contiguous Reef Other,DERM - Miami,2,9/16/24,40,0,0,0,1
2024B,AA1191,25.88082,-80.10008,Broward-Miami,Forereef,Contiguous Reef Other,DERM - Miami,3,9/16/24,41,0,0,0,3
2024B,AA1191,25.88082,-80.10008,Broward-Miami,Forereef,Contiguous Reef Other,DERM - Miami,4,9/16/24,40,1,0,0,1
2024B,AA1194,25.87532,-80.10647,Broward-Miami,Forereef,Contiguous Reef Other,DERM - Miami,1,9/16/24,22,0,0,0,0
2024B,AA1194,25.87532,-80.10647,Broward-Miami,Forereef,Contiguous Reef Other,DERM - Miami,2,9/16/24,20,0,0,0,0
2024B,AA1194,25.87532,-80.10647,Broward-Miami,Forereef,Contiguous Reef Other,DERM - Miami,3,9/16/24,22,0,1,0,1
2024B,AA1194,25.87532,-80.10647,Broward-Miami,Forereef,Contiguous Reef Other,DERM - Miami,4,9/16/24,20,0,0,0,1
2024B,AA1200,25.84795,-80.0925,Broward-Miami,Forereef,Contiguous Reef Other,DERM - Miami,1,8/29/24,54,0,0,0,0
2024B,AA1200,25.84795,-80.0925,Broward-Miami,Forereef,Contiguous Reef Other,DERM - Miami,2,8/29/24,55,0,0,0,0
2024B,AA1200,25.84795,-80.0925,Broward-Miami,Forereef,Contiguous Reef Other,DERM - Miami,3,8/29/24,54,1,0,0,0
2024B,AA1200,25.84795,-80.0925,Broward-Miami,Forereef,Contiguous Reef Other,DERM - Miami,4,8/29/24,55,0,0,0,0
2024B,AA1201,25.84638,-80.10468,Broward-Miami,Forereef,Contiguous Reef Other,DERM - Miami,1,9/17/24,24,0,0,0,1
2024B,AA1201,25.84638,-80.10468,Broward-Miami,Forereef,Contiguous Reef Other,DERM - Miami,2,9/17/24,23,0,0,1,0
2024B,AA1201,25.84638,-80.10468,Broward-Miami,Forereef,Contiguous Reef Other,DERM - Miami,3,9/17/24,24,0,0,0,0
2024B,AA1201,25.84638,-80.10468,Broward-Miami,Forereef,Contiguous Reef Other,DERM - Miami,4,9/17/24,24,0,0,0,0
2024B,AA1202,25.84545,-80.11055,Broward-Miami,Forereef,Contiguous Reef Other,DERM - Miami,1,9/17/24,20,0,0,0,1
2024B,AA1202,25.84545,-80.11055,Broward-Miami,Forereef,Contiguous Reef Other,DERM - Miami,2,9/17/24,18,0,0,1,1
2024B,AA1202,25.84545,-80.11055,Broward-Miami,Forereef,Contiguous Reef Other,DERM - Miami,3,9/17/24,19,0,0,0,0
2024B,AA1202,25.84545,-80.11055,Broward-Miami,Forereef,Contiguous Reef Other,DERM - Miami,4,9/17/24,19,0,1,0,0
2024B,AA1203,25.8446,-80.1081,Broward-Miami,Forereef,Contiguous Reef Other,DERM - Miami,1,8/29/24,18,0,0,0,0
2024B,AA1203,25.8446,-80.1081,Broward-Miami,Forereef,Contiguous Reef Other,DERM - Miami,2,8/29/24,16,0,0,0,0
2024B,AA1203,25.8446,-80.1081,Broward-Miami,Forereef,Contiguous Reef Other,DERM - Miami,3,8/29/24,18,0,0,0,0
2024B,AA1203,25.8446,-80.1081,Broward-Miami,Forereef,Contiguous Reef Other,DERM - Miami,4,8/29/24,16,0,0,0,0
2024B,AA1204,25.84093,-80.1107,Broward-Miami,Forereef,Contiguous Reef Other,DERM - Miami,1,9/17/24,20,0,0,0,1
2024B,AA1204,25.84093,-80.1107,Broward-Miami,Forereef,Contiguous Reef Other,DERM - Miami,2,9/17/24,16,0,1,0,0
2024B,AA1204,25.84093,-80.1107,Broward-Miami,Forereef,Contiguous Reef Other,DERM - Miami,3,9/17/24,19,0,0,0,0
2024B,AA1204,25.84093,-80.1107,Broward-Miami,Forereef,Contiguous Reef Other,DERM - Miami,4,9/17/24,19,0,0,0,1
2024B,AA1205,25.83862,-80.10025,Broward-Miami,Forereef,Contiguous Reef Other,DERM - Miami,1,9/23/24,32,0,0,0,0
2024B,AA1205,25.83862,-80.10025,Broward-Miami,Forereef,Contiguous Reef Other,DERM - Miami,2,9/23/24,31,0,0,0,3
2024B,AA1205,25.83862,-80.10025,Broward-Miami,Forereef,Contiguous Reef Other,DERM - Miami,3,9/23/24,35,0,0,0,1
2024B,AA1205,25.83862,-80.10025,Broward-Miami,Forereef,Contiguous Reef Other,DERM - Miami,4,9/23/24,31,0,0,0,0
2024B,AA1206,25.8355,-80.08878,Broward-Miami,Forereef,Contiguous Reef Spur and Groove,DERM - Miami,1,8/27/24,56,1,0,0,0
2024B,AA1206,25.8355,-80.08878,Broward-Miami,Forereef,Contiguous Reef Spur and Groove,DERM - Miami,2,8/27/24,57,0,0,0,0
2024B,AA1206,25.8355,-80.08878,Broward-Miami,Forereef,Contiguous Reef Spur and Groove,DERM - Miami,3,8/27/24,56,0,0,0,0
2024B,AA1206,25.8355,-80.08878,Broward-Miami,Forereef,Contiguous Reef Spur and Groove,DERM - Miami,4,8/27/24,57,0,0,0,1
2024B,AA1207,25.83197,-80.11172,Broward-Miami,Forereef,Contiguous Reef Other,DERM - Miami,1,9/17/24,16,0,0,0,0
2024B,AA1207,25.83197,-80.11172,Broward-Miami,Forereef,Contiguous Reef Other,DERM - Miami,2,9/17/24,16,0,0,0,0
2024B,AA1207,25.83197,-80.11172,Broward-Miami,Forereef,Contiguous Reef Other,DERM - Miami,3,9/17/24,17,0,0,0,0
2024B,AA1207,25.83197,-80.11172,Broward-Miami,Forereef,Contiguous Reef Other,DERM - Miami,4,9/17/24,17,0,0,0,1
2024B,AA1208,25.82245,-80.10677,Broward-Miami,Forereef,Contiguous Reef Other,DERM - Miami,1,9/23/24,23,0,0,0,0
2024B,AA1208,25.82245,-80.10677,Broward-Miami,Forereef,Contiguous Reef Other,DERM - Miami,2,9/23/24,23,0,0,0,0
2024B,AA1208,25.82245,-80.10677,Broward-Miami,Forereef,Contiguous Reef Other,DERM - Miami,3,9/23/24,23,0,0,0,0
2024B,AA1208,25.82245,-80.10677,Broward-Miami,Forereef,Contiguous Reef Other,DERM - Miami,4,9/23/24,23,0,0,0,0
2024B,AA1209,25.81383,-80.0979,Broward-Miami,Forereef,Contiguous Reef Other,DERM - Miami,1,9/23/24,41,0,0,0,3
2024B,AA1209,25.81383,-80.0979,Broward-Miami,Forereef,Contiguous Reef Other,DERM - Miami,2,9/23/24,36,1,0,1,4
2024B,AA1209,25.81383,-80.0979,Broward-Miami,Forereef,Contiguous Reef Other,DERM - Miami,3,9/23/24,41,0,0,1,0
2024B,AA1209,25.81383,-80.0979,Broward-Miami,Forereef,Contiguous Reef Other,DERM - Miami,4,9/23/24,36,0,0,1,1
2024B,AA1210,25.80887,-80.08888,Broward-Miami,Forereef,Contiguous Reef Other,DERM - Miami,1,9/23/24,55,4,0,0,0
2024B,AA1210,25.80887,-80.08888,Broward-Miami,Forereef,Contiguous Reef Other,DERM - Miami,2,9/23/24,52,2,0,0,0
2024B,AA1210,25.80887,-80.08888,Broward-Miami,Forereef,Contiguous Reef Other,DERM - Miami,3,9/23/24,55,1,0,0,0
2024B,AA1210,25.80887,-80.08888,Broward-Miami,Forereef,Contiguous Reef Other,DERM - Miami,4,9/23/24,52,1,0,0,0
2024B,AA1211,25.80575,-80.10397,Broward-Miami,Forereef,Contiguous Reef Other,DERM - Miami,1,9/24/24,27,0,0,0,0
2024B,AA1211,25.80575,-80.10397,Broward-Miami,Forereef,Contiguous Reef Other,DERM - Miami,2,9/24/24,26,0,0,0,0
2024B,AA1211,25.80575,-80.10397,Broward-Miami,Forereef,Contiguous Reef Other,DERM - Miami,3,9/24/24,25,0,0,0,0
2024B,AA1211,25.80575,-80.10397,Broward-Miami,Forereef,Contiguous Reef Other,DERM - Miami,4,9/24/24,25,0,0,0,0
2024B,AA1212,25.80167,-80.10047,Broward-Miami,Forereef,Contiguous Reef Other,DERM - Miami,1,9/24/24,26,0,0,0,0
2024B,AA1212,25.80167,-80.10047,Broward-Miami,Forereef,Contiguous Reef Other,DERM - Miami,2,9/24/24,26,0,0,0,0
2024B,AA1212,25.80167,-80.10047,Broward-Miami,Forereef,Contiguous Reef Other,DERM - Miami,3,9/24/24,26,0,0,0,0
2024B,AA1212,25.80167,-80.10047,Broward-Miami,Forereef,Contiguous Reef Other,DERM - Miami,4,9/24/24,26,0,0,0,1
2024B,AA1213,25.79853,-80.1079,Broward-Miami,Forereef,Contiguous Reef Other,DERM - Miami,1,9/24/24,23,0,0,0,0
2024B,AA1213,25.79853,-80.1079,Broward-Miami,Forereef,Contiguous Reef Other,DERM - Miami,2,9/24/24,28,0,0,0,0
2024B,AA1213,25.79853,-80.1079,Broward-Miami,Forereef,Contiguous Reef Other,DERM - Miami,3,9/24/24,23,0,0,0,0
2024B,AA1213,25.79853,-80.1079,Broward-Miami,Forereef,Contiguous Reef Other,DERM - Miami,4,9/24/24,23,0,0,0,0
2024B,AA1214,25.79375,-80.09687,Broward-Miami,Forereef,Contiguous Reef Other,DERM - Miami,1,9/3/24,42,0,0,0,0
2024B,AA1214,25.79375,-80.09687,Broward-Miami,Forereef,Contiguous Reef Other,DERM - Miami,2,9/3/24,43,0,0,0,0
2024B,AA1214,25.79375,-80.09687,Broward-Miami,Forereef,Contiguous Reef Other,DERM - Miami,3,9/3/24,42,0,0,0,0
2024B,AA1214,25.79375,-80.09687,Broward-Miami,Forereef,Contiguous Reef Other,DERM - Miami,4,9/3/24,42,0,0,0,0
2024B,AA1215,25.78683,-80.11652,Broward-Miami,Forereef,Contiguous Reef Other,DERM - Miami,1,9/24/24,20,0,0,0,0
2024B,AA1215,25.78683,-80.11652,Broward-Miami,Forereef,Contiguous Reef Other,DERM - Miami,2,9/24/24,20,0,0,0,0
2024B,AA1215,25.78683,-80.11652,Broward-Miami,Forereef,Contiguous Reef Other,DERM - Miami,3,9/24/24,19,0,0,0,0
2024B,AA1215,25.78683,-80.11652,Broward-Miami,Forereef,Contiguous Reef Other,DERM - Miami,4,9/24/24,19,0,0,0,0
2024B,AA1216,25.78542,-80.10415,Broward-Miami,Forereef,Contiguous Reef Other,DERM - Miami,1,9/3/24,25,0,0,0,0
2024B,AA1216,25.78542,-80.10415,Broward-Miami,Forereef,Contiguous Reef Other,DERM - Miami,2,9/3/24,26,0,0,0,0
2024B,AA1216,25.78542,-80.10415,Broward-Miami,Forereef,Contiguous Reef Other,DERM - Miami,3,9/3/24,25,0,0,0,0
2024B,AA1216,25.78542,-80.10415,Broward-Miami,Forereef,Contiguous Reef Other,DERM - Miami,4,9/3/24,25,0,0,0,0
2024B,AA1217,25.78188,-80.10565,Broward-Miami,Forereef,Contiguous Reef Other,DERM - Miami,1,9/3/24,26,0,0,0,0
2024B,AA1217,25.78188,-80.10565,Broward-Miami,Forereef,Contiguous Reef Other,DERM - Miami,2,9/3/24,26,0,0,0,0
2024B,AA1217,25.78188,-80.10565,Broward-Miami,Forereef,Contiguous Reef Other,DERM - Miami,3,9/3/24,25,0,0,0,0
2024B,AA1217,25.78188,-80.10565,Broward-Miami,Forereef,Contiguous Reef Other,DERM - Miami,4,9/3/24,26,0,0,0,0
2024B,AA1218,25.77865,-80.10117,Broward-Miami,Forereef,Contiguous Reef Other,DERM - Miami,1,9/3/24,26,0,0,0,0
2024B,AA1218,25.77865,-80.10117,Broward-Miami,Forereef,Contiguous Reef Other,DERM - Miami,2,9/3/24,27,0,0,0,0
2024B,AA1218,25.77865,-80.10117,Broward-Miami,Forereef,Contiguous Reef Other,DERM - Miami,3,9/3/24,26,0,0,0,0
2024B,AA1218,25.77865,-80.10117,Broward-Miami,Forereef,Contiguous Reef Other,DERM - Miami,4,9/3/24,27,0,0,0,0
2024B,AA1219,25.77765,-80.0966,Broward-Miami,Forereef,Contiguous Reef Other,DERM - Miami,1,9/24/24,36,0,0,0,0
2024B,AA1219,25.77765,-80.0966,Broward-Miami,Forereef,Contiguous Reef Other,DERM - Miami,2,9/24/24,34,1,0,1,2
2024B,AA1219,25.77765,-80.0966,Broward-Miami,Forereef,Contiguous Reef Other,DERM - Miami,3,9/24/24,35,0,0,0,1
2024B,AA1219,25.77765,-80.0966,Broward-Miami,Forereef,Contiguous Reef Other,DERM - Miami,4,9/24/24,35,0,0,0,0
2024B,AA1220,25.77135,-80.08825,Broward-Miami,Forereef,Isolated Reef,DERM - Miami,1,9/24/24,54,0,0,0,1
2024B,AA1220,25.77135,-80.08825,Broward-Miami,Forereef,Isolated Reef,DERM - Miami,2,9/24/24,54,0,0,0,0
2024B,AA1220,25.77135,-80.08825,Broward-Miami,Forereef,Isolated Reef,DERM - Miami,3,9/24/24,55,0,0,0,1
2024B,AA1220,25.77135,-80.08825,Broward-Miami,Forereef,Isolated Reef,DERM - Miami,4,9/24/24,55,0,0,0,1
2024B,AA1221,25.77095,-80.09667,Broward-Miami,Forereef,Contiguous Reef Other,DERM - Miami,1,9/24/24,38,0,0,0,0
2024B,AA1221,25.77095,-80.09667,Broward-Miami,Forereef,Contiguous Reef Other,DERM - Miami,2,9/24/24,36,0,0,0,0
2024B,AA1221,25.77095,-80.09667,Broward-Miami,Forereef,Contiguous Reef Other,DERM - Miami,3,9/24/24,35,0,0,0,0
2024B,AA1221,25.77095,-80.09667,Broward-Miami,Forereef,Contiguous Reef Other,DERM - Miami,4,9/24/24,35,0,0,0,0
2024B,AA1222,25.76708,-80.09403,Broward-Miami,Forereef,Isolated Reef,DERM - Miami,1,9/24/24,46,3,0,0,0
2024B,AA1222,25.76708,-80.09403,Broward-Miami,Forereef,Isolated Reef,DERM - Miami,2,9/24/24,45,1,0,0,1
2024B,AA1222,25.76708,-80.09403,Broward-Miami,Forereef,Isolated Reef,DERM - Miami,3,9/24/24,45,0,0,0,0
2024B,AA1222,25.76708,-80.09403,Broward-Miami,Forereef,Isolated Reef,DERM - Miami,4,9/24/24,45,0,0,0,0
2024B,AA1223,25.76637,-80.0893,Broward-Miami,Forereef,Contiguous Reef Spur and Groove,DERM - Miami,1,9/19/24,47,0,0,0,0
2024B,AA1223,25.76637,-80.0893,Broward-Miami,Forereef,Contiguous Reef Spur and Groove,DERM - Miami,2,9/19/24,43,0,0,0,0
2024B,AA1223,25.76637,-80.0893,Broward-Miami,Forereef,Contiguous Reef Spur and Groove,DERM - Miami,3,9/19/24,47,0,0,0,0
2024B,AA1223,25.76637,-80.0893,Broward-Miami,Forereef,Contiguous Reef Spur and Groove,DERM - Miami,4,9/19/24,43,0,0,0,0
2024B,AA1104,26.170824,-80.08266,Broward-Miami,Forereef,Contiguous Reef Other,NOVA Southeastern Univ.,1,8/13/24,41,0,0,0,0
2024B,AA1104,26.170824,-80.08266,Broward-Miami,Forereef,Contiguous Reef Other,NOVA Southeastern Univ.,2,8/13/24,41,0,0,0,0
2024B,AA1104,26.170824,-80.08266,Broward-Miami,Forereef,Contiguous Reef Other,NOVA Southeastern Univ.,3,8/13/24,41,0,0,0,0
2024B,AA1104,26.170824,-80.08266,Broward-Miami,Forereef,Contiguous Reef Other,NOVA Southeastern Univ.,4,8/13/24,43,0,0,0,0
2024B,AA1108,26.162291,-80.090225,Broward-Miami,Forereef,Contiguous Reef Other,NOVA Southeastern Univ.,1,10/1/24,10,0,0,0,0
2024B,AA1108,26.162291,-80.090225,Broward-Miami,Forereef,Contiguous Reef Other,NOVA Southeastern Univ.,2,10/1/24,10,0,0,0,0
2024B,AA1108,26.162291,-80.090225,Broward-Miami,Forereef,Contiguous Reef Other,NOVA Southeastern Univ.,3,10/1/24,9,0,0,0,0
2024B,AA1108,26.162291,-80.090225,Broward-Miami,Forereef,Contiguous Reef Other,NOVA Southeastern Univ.,4,10/1/24,9,0,0,0,0
2024B,AA1109,26.160942,-80.09124,Broward-Miami,Forereef,Reef Rubble,NOVA Southeastern Univ.,1,8/13/24,19,0,0,0,0
2024B,AA1109,26.160942,-80.09124,Broward-Miami,Forereef,Reef Rubble,NOVA Southeastern Univ.,2,8/13/24,17,0,0,0,0
2024B,AA1109,26.160942,-80.09124,Broward-Miami,Forereef,Reef Rubble,NOVA Southeastern Univ.,3,8/13/24,19,0,0,0,1
2024B,AA1109,26.160942,-80.09124,Broward-Miami,Forereef,Reef Rubble,NOVA Southeastern Univ.,4,8/13/24,19,0,0,0,0
2024B,AA1110,26.153269,-80.091293,Broward-Miami,Forereef,Contiguous Reef Other,NOVA Southeastern Univ.,1,10/1/24,10,0,0,0,0
2024B,AA1110,26.153269,-80.091293,Broward-Miami,Forereef,Contiguous Reef Other,NOVA Southeastern Univ.,2,10/1/24,12,0,0,0,0
2024B,AA1110,26.153269,-80.091293,Broward-Miami,Forereef,Contiguous Reef Other,NOVA Southeastern Univ.,3,10/1/24,10,0,0,0,0
2024B,AA1110,26.153269,-80.091293,Broward-Miami,Forereef,Contiguous Reef Other,NOVA Southeastern Univ.,4,10/1/24,10,0,0,0,0
2024B,AA1111,26.14834,-80.097336,Broward-Miami,Forereef,Contiguous Reef Other,NOVA Southeastern Univ.,1,10/24/24,16,0,0,0,0
2024B,AA1111,26.14834,-80.097336,Broward-Miami,Forereef,Contiguous Reef Other,NOVA Southeastern Univ.,2,10/24/24,15,0,0,0,0
2024B,AA1111,26.14834,-80.097336,Broward-Miami,Forereef,Contiguous Reef Other,NOVA Southeastern Univ.,3,10/24/24,16,0,0,0,1
2024B,AA1111,26.14834,-80.097336,Broward-Miami,Forereef,Contiguous Reef Other,NOVA Southeastern Univ.,4,10/24/24,16,0,0,0,2
2024B,AA1113,26.139725,-80.0914,Broward-Miami,Forereef,Contiguous Reef Other,NOVA Southeastern Univ.,1,10/25/24,23,0,0,0,1
2024B,AA1113,26.139725,-80.0914,Broward-Miami,Forereef,Contiguous Reef Other,NOVA Southeastern Univ.,2,10/25/24,25,0,0,0,0
2024B,AA1113,26.139725,-80.0914,Broward-Miami,Forereef,Contiguous Reef Other,NOVA Southeastern Univ.,3,10/25/24,25,0,0,0,4
2024B,AA1113,26.139725,-80.0914,Broward-Miami,Forereef,Contiguous Reef Other,NOVA Southeastern Univ.,4,10/25/24,25,0,0,0,1
2024B,AA1114,26.13889,-80.093697,Broward-Miami,Forereef,Contiguous Reef Other,NOVA Southeastern Univ.,1,10/25/24,15,0,0,0,0
2024B,AA1114,26.13889,-80.093697,Broward-Miami,Forereef,Contiguous Reef Other,NOVA Southeastern Univ.,2,10/25/24,17,0,0,0,0
2024B,AA1114,26.13889,-80.093697,Broward-Miami,Forereef,Contiguous Reef Other,NOVA Southeastern Univ.,3,10/25/24,16,0,0,0,0
2024B,AA1114,26.13889,-80.093697,Broward-Miami,Forereef,Contiguous Reef Other,NOVA Southeastern Univ.,4,10/25/24,16,0,0,0,0
2024B,AA1149,26.041372,-80.101654,Broward-Miami,Forereef,Contiguous Reef Other,NOVA Southeastern Univ.,1,10/16/24,26,0,0,0,2
2024B,AA1149,26.041372,-80.101654,Broward-Miami,Forereef,Contiguous Reef Other,NOVA Southeastern Univ.,2,10/16/24,25,0,0,0,0
2024B,AA1149,26.041372,-80.101654,Broward-Miami,Forereef,Contiguous Reef Other,NOVA Southeastern Univ.,3,10/16/24,27,0,0,0,2
2024B,AA1149,26.041372,-80.101654,Broward-Miami,Forereef,Contiguous Reef Other,NOVA Southeastern Univ.,4,10/16/24,27,0,0,0,3
2024B,AA1152,26.028284,-80.102257,Broward-Miami,Forereef,Contiguous Reef Other,NOVA Southeastern Univ.,1,10/16/24,24,0,0,0,1
2024B,AA1152,26.028284,-80.102257,Broward-Miami,Forereef,Contiguous Reef Other,NOVA Southeastern Univ.,2,10/16/24,24,0,0,0,1
2024B,AA1152,26.028284,-80.102257,Broward-Miami,Forereef,Contiguous Reef Other,NOVA Southeastern Univ.,3,10/16/24,24,0,0,0,0
2024B,AA1152,26.028284,-80.102257,Broward-Miami,Forereef,Contiguous Reef Other,NOVA Southeastern Univ.,4,10/16/24,24,0,0,0,0
2024B,AA1153,26.021967,-80.102806,Broward-Miami,Forereef,Contiguous Reef Other,NOVA Southeastern Univ.,1,10/16/24,26,0,0,1,0
2024B,AA1153,26.021967,-80.102806,Broward-Miami,Forereef,Contiguous Reef Other,NOVA Southeastern Univ.,2,10/16/24,26,0,0,0,0
2024B,AA1153,26.021967,-80.102806,Broward-Miami,Forereef,Contiguous Reef Other,NOVA Southeastern Univ.,3,10/16/24,25,0,0,0,0
2024B,AA1153,26.021967,-80.102806,Broward-Miami,Forereef,Contiguous Reef Other,NOVA Southeastern Univ.,4,10/16/24,25,0,0,0,2
2024B,AA1154,26.013876,-80.10836,Broward-Miami,Forereef,Contiguous Reef Other,NOVA Southeastern Univ.,1,10/3/24,19,0,0,0,2
2024B,AA1154,26.013876,-80.10836,Broward-Miami,Forereef,Contiguous Reef Other,NOVA Southeastern Univ.,2,10/3/24,16,0,0,0,0
2024B,AA1154,26.013876,-80.10836,Broward-Miami,Forereef,Contiguous Reef Other,NOVA Southeastern Univ.,3,10/3/24,16,0,1,0,1
2024B,AA1154,26.013876,-80.10836,Broward-Miami,Forereef,Contiguous Reef Other,NOVA Southeastern Univ.,4,10/3/24,21,0,0,0,0
2024B,AA1155,26.012957,-80.105865,Broward-Miami,Forereef,Contiguous Reef Other,NOVA Southeastern Univ.,1,10/16/24,29,0,0,0,2
2024B,AA1155,26.012957,-80.105865,Broward-Miami,Forereef,Contiguous Reef Other,NOVA Southeastern Univ.,2,10/16/24,25,0,0,0,1
2024B,AA1155,26.012957,-80.105865,Broward-Miami,Forereef,Contiguous Reef Other,NOVA Southeastern Univ.,3,10/16/24,29,0,0,0,0
2024B,AA1155,26.012957,-80.105865,Broward-Miami,Forereef,Contiguous Reef Other,NOVA Southeastern Univ.,4,10/16/24,29,0,0,0,1
2024B,AA1156,26.010221,-80.101395,Broward-Miami,Forereef,Contiguous Reef Other,NOVA Southeastern Univ.,1,10/16/24,28,0,0,0,4
2024B,AA1156,26.010221,-80.101395,Broward-Miami,Forereef,Contiguous Reef Other,NOVA Southeastern Univ.,2,10/16/24,26,0,0,0,6
2024B,AA1156,26.010221,-80.101395,Broward-Miami,Forereef,Contiguous Reef Other,NOVA Southeastern Univ.,3,10/16/24,29,0,0,1,2
2024B,AA1156,26.010221,-80.101395,Broward-Miami,Forereef,Contiguous Reef Other,NOVA Southeastern Univ.,4,10/16/24,29,0,0,0,1
2024B,AA1157,26.008459,-80.108398,Broward-Miami,Forereef,Contiguous Reef Other,NOVA Southeastern Univ.,1,10/16/24,22,0,0,0,0
2024B,AA1157,26.008459,-80.108398,Broward-Miami,Forereef,Contiguous Reef Other,NOVA Southeastern Univ.,2,10/16/24,20,0,0,0,1
2024B,AA1157,26.008459,-80.108398,Broward-Miami,Forereef,Contiguous Reef Other,NOVA Southeastern Univ.,3,10/16/24,21,0,0,0,2
2024B,AA1157,26.008459,-80.108398,Broward-Miami,Forereef,Contiguous Reef Other,NOVA Southeastern Univ.,4,10/16/24,21,0,0,0,1
2024B,AA1158,26.005774,-80.112419,Broward-Miami,Forereef,Contiguous Reef Other,NOVA Southeastern Univ.,1,10/16/24,20,0,0,0,0
2024B,AA1158,26.005774,-80.112419,Broward-Miami,Forereef,Contiguous Reef Other,NOVA Southeastern Univ.,2,10/16/24,19,0,0,0,0
2024B,AA1158,26.005774,-80.112419,Broward-Miami,Forereef,Contiguous Reef Other,NOVA Southeastern Univ.,3,10/16/24,19,0,0,0,0
2024B,AA1158,26.005774,-80.112419,Broward-Miami,Forereef,Contiguous Reef Other,NOVA Southeastern Univ.,4,10/16/24,19,0,0,0,0
2024B,AA1159,25.999505,-80.095292,Broward-Miami,Forereef,Contiguous Reef Other,NOVA Southeastern Univ.,1,8/20/24,47,0,0,0,0
2024B,AA1159,25.999505,-80.095292,Broward-Miami,Forereef,Contiguous Reef Other,NOVA Southeastern Univ.,2,8/20/24,49,0,0,0,0
2024B,AA1159,25.999505,-80.095292,Broward-Miami,Forereef,Contiguous Reef Other,NOVA Southeastern Univ.,3,8/20/24,45,0,0,0,0
2024B,AA1159,25.999505,-80.095292,Broward-Miami,Forereef,Contiguous Reef Other,NOVA Southeastern Univ.,4,8/20/24,45,0,0,0,0
2024B,AA1160,25.998951,-80.103973,Broward-Miami,Forereef,Contiguous Reef Other,NOVA Southeastern Univ.,1,9/6/24,30,0,0,0,0
2024B,AA1160,25.998951,-80.103973,Broward-Miami,Forereef,Contiguous Reef Other,NOVA Southeastern Univ.,2,9/6/24,31,0,0,0,0
2024B,AA1160,25.998951,-80.103973,Broward-Miami,Forereef,Contiguous Reef Other,NOVA Southeastern Univ.,3,9/6/24,30,0,0,0,0
2024B,AA1160,25.998951,-80.103973,Broward-Miami,Forereef,Contiguous Reef Other,NOVA Southeastern Univ.,4,9/6/24,29,0,0,1,0
2024B,AA1161,25.998102,-80.112976,Broward-Miami,Forereef,Contiguous Reef Other,NOVA Southeastern Univ.,1,10/16/24,20,0,0,0,0
2024B,AA1161,25.998102,-80.112976,Broward-Miami,Forereef,Contiguous Reef Other,NOVA Southeastern Univ.,2,10/16/24,18,0,0,0,0
2024B,AA1161,25.998102,-80.112976,Broward-Miami,Forereef,Contiguous Reef Other,NOVA Southeastern Univ.,3,10/16/24,21,0,0,0,1
2024B,AA1161,25.998102,-80.112976,Broward-Miami,Forereef,Contiguous Reef Other,NOVA Southeastern Univ.,4,10/16/24,21,0,0,0,0
2024B,AA1162,25.996229,-80.101997,Broward-Miami,Forereef,Contiguous Reef Other,NOVA Southeastern Univ.,1,9/6/24,29,0,0,0,2
2024B,AA1162,25.996229,-80.101997,Broward-Miami,Forereef,Contiguous Reef Other,NOVA Southeastern Univ.,2,9/6/24,30,0,0,0,1
2024B,AA1162,25.996229,-80.101997,Broward-Miami,Forereef,Contiguous Reef Other,NOVA Southeastern Univ.,3,9/6/24,31,0,0,1,4
2024B,AA1162,25.996229,-80.101997,Broward-Miami,Forereef,Contiguous Reef Other,NOVA Southeastern Univ.,4,9/6/24,32,0,0,1,1
2024B,AA1163,25.995388,-80.112,Broward-Miami,Forereef,Contiguous Reef Other,NOVA Southeastern Univ.,1,10/16/24,21,0,0,0,0
2024B,AA1163,25.995388,-80.112,Broward-Miami,Forereef,Contiguous Reef Other,NOVA Southeastern Univ.,2,10/16/24,20,0,0,0,0
2024B,AA1163,25.995388,-80.112,Broward-Miami,Forereef,Contiguous Reef Other,NOVA Southeastern Univ.,3,10/16/24,20,0,0,0,0
2024B,AA1163,25.995388,-80.112,Broward-Miami,Forereef,Contiguous Reef Other,NOVA Southeastern Univ.,4,10/16/24,20,0,0,0,0
2024B,AA1164,25.995295,-80.097008,Broward-Miami,Forereef,Contiguous Reef Other,NOVA Southeastern Univ.,1,8/20/24,34,0,0,0,0
2024B,AA1164,25.995295,-80.097008,Broward-Miami,Forereef,Contiguous Reef Other,NOVA Southeastern Univ.,2,8/20/24,34,0,0,0,1
2024B,AA1164,25.995295,-80.097008,Broward-Miami,Forereef,Contiguous Reef Other,NOVA Southeastern Univ.,3,8/20/24,34,0,0,0,5
2024B,AA1164,25.995295,-80.097008,Broward-Miami,Forereef,Contiguous Reef Other,NOVA Southeastern Univ.,4,8/20/24,34,0,0,0,3
2024B,AA1166,25.98134,-80.103607,Broward-Miami,Forereef,Contiguous Reef Other,NOVA Southeastern Univ.,1,8/15/24,26,0,0,0,2
2024B,AA1166,25.98134,-80.103607,Broward-Miami,Forereef,Contiguous Reef Other,NOVA Southeastern Univ.,2,8/15/24,25,0,0,0,2
2024B,AA1166,25.98134,-80.103607,Broward-Miami,Forereef,Contiguous Reef Other,NOVA Southeastern Univ.,3,8/15/24,26,0,0,1,5
2024B,AA1166,25.98134,-80.103607,Broward-Miami,Forereef,Contiguous Reef Other,NOVA Southeastern Univ.,4,8/15/24,27,0,0,0,2
2024B,AA1167,25.975952,-80.108147,Broward-Miami,Forereef,Contiguous Reef Other,NOVA Southeastern Univ.,1,8/15/24,27,0,0,0,1
2024B,AA1167,25.975952,-80.108147,Broward-Miami,Forereef,Contiguous Reef Other,NOVA Southeastern Univ.,2,8/15/24,25,0,0,0,1
2024B,AA1167,25.975952,-80.108147,Broward-Miami,Forereef,Contiguous Reef Other,NOVA Southeastern Univ.,3,8/15/24,25,0,0,0,0
2024B,AA1167,25.975952,-80.108147,Broward-Miami,Forereef,Contiguous Reef Other,NOVA Southeastern Univ.,4,8/15/24,26,0,0,0,0
2024B,AA2097,26.154205,-80.096794,Broward-Miami,Forereef,Contiguous Reef Other,NOVA Southeastern Univ.,1,10/25/24,17,0,0,0,0
2024B,AA2097,26.154205,-80.096794,Broward-Miami,Forereef,Contiguous Reef Other,NOVA Southeastern Univ.,2,10/25/24,18,0,0,0,0
2024B,AA2097,26.154205,-80.096794,Broward-Miami,Forereef,Contiguous Reef Other,NOVA Southeastern Univ.,3,10/25/24,17,0,0,0,0
2024B,AA2097,26.154205,-80.096794,Broward-Miami,Forereef,Contiguous Reef Other,NOVA Southeastern Univ.,4,10/25/24,17,0,0,0,0
2024B,AA2098,26.152846,-80.098598,Broward-Miami,Forereef,Contiguous Reef Other,NOVA Southeastern Univ.,1,10/25/24,17,0,0,0,0
2024B,AA2098,26.152846,-80.098598,Broward-Miami,Forereef,Contiguous Reef Other,NOVA Southeastern Univ.,2,10/25/24,15,0,0,0,0
2024B,AA2098,26.152846,-80.098598,Broward-Miami,Forereef,Contiguous Reef Other,NOVA Southeastern Univ.,3,10/25/24,17,0,0,0,0
2024B,AA2098,26.152846,-80.098598,Broward-Miami,Forereef,Contiguous Reef Other,NOVA Southeastern Univ.,4,10/25/24,17,0,0,0,1
2024B,AA2099,26.144722,-80.096367,Broward-Miami,Forereef,Contiguous Reef Other,NOVA Southeastern Univ.,1,10/24/24,25,0,0,0,0
2024B,AA2099,26.144722,-80.096367,Broward-Miami,Forereef,Contiguous Reef Other,NOVA Southeastern Univ.,2,10/24/24,20,0,1,0,0
2024B,AA2099,26.144722,-80.096367,Broward-Miami,Forereef,Contiguous Reef Other,NOVA Southeastern Univ.,3,10/24/24,24,0,0,0,0
2024B,AA2099,26.144722,-80.096367,Broward-Miami,Forereef,Contiguous Reef Other,NOVA Southeastern Univ.,4,10/24/24,24,0,0,0,2
2024B,AA2100,26.144281,-80.09787,Broward-Miami,Forereef,Contiguous Reef Other,NOVA Southeastern Univ.,1,10/24/24,18,0,0,0,0
2024B,AA2100,26.144281,-80.09787,Broward-Miami,Forereef,Contiguous Reef Other,NOVA Southeastern Univ.,2,10/24/24,16,0,0,0,1
2024B,AA2100,26.144281,-80.09787,Broward-Miami,Forereef,Contiguous Reef Other,NOVA Southeastern Univ.,3,10/24/24,17,0,0,0,1
2024B,AA2100,26.144281,-80.09787,Broward-Miami,Forereef,Contiguous Reef Other,NOVA Southeastern Univ.,4,10/24/24,17,0,0,0,0
2024B,AA2101,26.142031,-80.098885,Broward-Miami,Forereef,Contiguous Reef Other,NOVA Southeastern Univ.,1,10/24/24,18,0,0,0,1
2024B,AA2101,26.142031,-80.098885,Broward-Miami,Forereef,Contiguous Reef Other,NOVA Southeastern Univ.,2,10/24/24,17,0,0,0,0
2024B,AA2101,26.142031,-80.098885,Broward-Miami,Forereef,Contiguous Reef Other,NOVA Southeastern Univ.,3,10/24/24,18,0,0,0,1
2024B,AA2101,26.142031,-80.098885,Broward-Miami,Forereef,Contiguous Reef Other,NOVA Southeastern Univ.,4,10/24/24,18,0,0,0,0
2024B,AA1124,26.109669,-80.091848,Broward-Miami,Forereef,Contiguous Reef Other,Shedd Aquarium,1,9/12/24,41,0,0,0,0
2024B,AA1124,26.109669,-80.091848,Broward-Miami,Forereef,Contiguous Reef Other,Shedd Aquarium,2,9/12/24,39,0,0,0,0
2024B,AA1124,26.109669,-80.091848,Broward-Miami,Forereef,Contiguous Reef Other,Shedd Aquarium,3,9/12/24,40,0,0,1,1
2024B,AA1124,26.109669,-80.091848,Broward-Miami,Forereef,Contiguous Reef Other,Shedd Aquarium,4,9/12/24,40,1,0,0,1
2024B,AA1127,26.100054,-80.100204,Broward-Miami,Forereef,Contiguous Reef Other,Shedd Aquarium,1,9/11/24,15,0,0,0,0
2024B,AA1127,26.100054,-80.100204,Broward-Miami,Forereef,Contiguous Reef Other,Shedd Aquarium,2,9/11/24,17,0,0,0,0
2024B,AA1127,26.100054,-80.100204,Broward-Miami,Forereef,Contiguous Reef Other,Shedd Aquarium,3,9/11/24,15,0,0,0,0
2024B,AA1127,26.100054,-80.100204,Broward-Miami,Forereef,Contiguous Reef Other,Shedd Aquarium,4,9/11/24,15,0,0,0,0
2024B,AA1128,26.099588,-80.098213,Broward-Miami,Forereef,Contiguous Reef Other,Shedd Aquarium,1,9/11/24,21,0,0,0,0
2024B,AA1128,26.099588,-80.098213,Broward-Miami,Forereef,Contiguous Reef Other,Shedd Aquarium,2,9/11/24,20,0,0,0,0
2024B,AA1128,26.099588,-80.098213,Broward-Miami,Forereef,Contiguous Reef Other,Shedd Aquarium,3,9/11/24,19,0,0,0,0
2024B,AA1128,26.099588,-80.098213,Broward-Miami,Forereef,Contiguous Reef Other,Shedd Aquarium,4,9/11/24,19,0,0,0,0
2024B,AA1130,26.088783,-80.102791,Broward-Miami,Forereef,Contiguous Reef Other,Shedd Aquarium,1,9/9/24,13,0,0,0,0
2024B,AA1130,26.088783,-80.102791,Broward-Miami,Forereef,Contiguous Reef Other,Shedd Aquarium,2,9/9/24,11,0,0,0,0
2024B,AA1130,26.088783,-80.102791,Broward-Miami,Forereef,Contiguous Reef Other,Shedd Aquarium,3,9/9/24,11,0,0,0,0
2024B,AA1130,26.088783,-80.102791,Broward-Miami,Forereef,Contiguous Reef Other,Shedd Aquarium,4,9/9/24,11,0,0,0,0
2024B,AA1132,26.086096,-80.106316,Broward-Miami,Forereef,Contiguous Reef Other,Shedd Aquarium,1,9/9/24,17,0,0,0,0
2024B,AA1132,26.086096,-80.106316,Broward-Miami,Forereef,Contiguous Reef Other,Shedd Aquarium,2,9/9/24,17,0,0,0,0
2024B,AA1132,26.086096,-80.106316,Broward-Miami,Forereef,Contiguous Reef Other,Shedd Aquarium,3,9/9/24,14,0,0,0,0
2024B,AA1132,26.086096,-80.106316,Broward-Miami,Forereef,Contiguous Reef Other,Shedd Aquarium,4,9/9/24,14,0,0,0,0
2024B,AA1133,26.085127,-80.095299,Broward-Miami,Forereef,Contiguous Reef Other,Shedd Aquarium,1,9/12/24,31,0,0,0,0
2024B,AA1133,26.085127,-80.095299,Broward-Miami,Forereef,Contiguous Reef Other,Shedd Aquarium,2,9/12/24,29,0,0,0,3
2024B,AA1133,26.085127,-80.095299,Broward-Miami,Forereef,Contiguous Reef Other,Shedd Aquarium,3,9/12/24,28,0,1,0,0
2024B,AA1133,26.085127,-80.095299,Broward-Miami,Forereef,Contiguous Reef Other,Shedd Aquarium,4,9/12/24,28,0,0,0,3
2024B,AA1134,26.08379,-80.098335,Broward-Miami,Forereef,Contiguous Reef Other,Shedd Aquarium,1,9/9/24,28,0,1,0,0
2024B,AA1134,26.08379,-80.098335,Broward-Miami,Forereef,Contiguous Reef Other,Shedd Aquarium,2,9/9/24,26,0,0,0,5
2024B,AA1134,26.08379,-80.098335,Broward-Miami,Forereef,Contiguous Reef Other,Shedd Aquarium,3,9/9/24,26,0,0,0,0
2024B,AA1134,26.08379,-80.098335,Broward-Miami,Forereef,Contiguous Reef Other,Shedd Aquarium,4,9/9/24,27,0,0,0,0
2024B,AA1137,26.076626,-80.107887,Broward-Miami,Forereef,Contiguous Reef Other,Shedd Aquarium,1,9/9/24,15,0,0,0,0
2024B,AA1137,26.076626,-80.107887,Broward-Miami,Forereef,Contiguous Reef Other,Shedd Aquarium,2,9/9/24,15,0,0,0,0
2024B,AA1137,26.076626,-80.107887,Broward-Miami,Forereef,Contiguous Reef Other,Shedd Aquarium,3,9/9/24,15,0,0,0,0
2024B,AA1137,26.076626,-80.107887,Broward-Miami,Forereef,Contiguous Reef Other,Shedd Aquarium,4,9/9/24,15,0,0,0,0
2024B,AA1139,26.072102,-80.106422,Broward-Miami,Forereef,Contiguous Reef Other,Shedd Aquarium,1,9/10/24,32,0,0,0,0
2024B,AA1139,26.072102,-80.106422,Broward-Miami,Forereef,Contiguous Reef Other,Shedd Aquarium,2,9/10/24,20,0,0,0,0
2024B,AA1139,26.072102,-80.106422,Broward-Miami,Forereef,Contiguous Reef Other,Shedd Aquarium,3,9/10/24,18,0,0,0,0
2024B,AA1139,26.072102,-80.106422,Broward-Miami,Forereef,Contiguous Reef Other,Shedd Aquarium,4,9/10/24,18,0,0,0,0
2024B,AA1141,26.067577,-80.104958,Broward-Miami,Forereef,Contiguous Reef Other,Shedd Aquarium,1,9/10/24,14,0,1,0,0
2024B,AA1141,26.067577,-80.104958,Broward-Miami,Forereef,Contiguous Reef Other,Shedd Aquarium,2,9/10/24,15,0,0,0,0
2024B,AA1141,26.067577,-80.104958,Broward-Miami,Forereef,Contiguous Reef Other,Shedd Aquarium,3,9/10/24,14,0,1,0,0
2024B,AA1141,26.067577,-80.104958,Broward-Miami,Forereef,Contiguous Reef Other,Shedd Aquarium,4,9/10/24,13,0,0,0,0
2024B,AA2111,26.109543,-80.101639,Broward-Miami,Forereef,Contiguous Reef Other,Shedd Aquarium,1,9/12/24,15,0,0,0,0
2024B,AA2111,26.109543,-80.101639,Broward-Miami,Forereef,Contiguous Reef Other,Shedd Aquarium,2,9/12/24,16,0,0,0,0
2024B,AA2111,26.109543,-80.101639,Broward-Miami,Forereef,Contiguous Reef Other,Shedd Aquarium,3,9/12/24,12,0,0,0,0
2024B,AA2111,26.109543,-80.101639,Broward-Miami,Forereef,Contiguous Reef Other,Shedd Aquarium,4,9/12/24,15,0,0,0,0
2024B,AA2112,26.105465,-80.099167,Broward-Miami,Forereef,Contiguous Reef Other,Shedd Aquarium,1,9/12/24,19,0,0,0,0
2024B,AA2112,26.105465,-80.099167,Broward-Miami,Forereef,Contiguous Reef Other,Shedd Aquarium,2,9/12/24,16,0,0,0,0
2024B,AA2112,26.105465,-80.099167,Broward-Miami,Forereef,Contiguous Reef Other,Shedd Aquarium,3,9/12/24,18,0,0,0,2
2024B,AA2112,26.105465,-80.099167,Broward-Miami,Forereef,Contiguous Reef Other,Shedd Aquarium,4,9/12/24,18,0,0,0,0
2024B,AA2115,26.077469,-80.098381,Broward-Miami,Forereef,Contiguous Reef Other,Shedd Aquarium,1,9/10/24,26,0,0,0,4
2024B,AA2115,26.077469,-80.098381,Broward-Miami,Forereef,Contiguous Reef Other,Shedd Aquarium,2,9/10/24,24,0,0,0,1
2024B,AA2115,26.077469,-80.098381,Broward-Miami,Forereef,Contiguous Reef Other,Shedd Aquarium,3,9/10/24,26,0,0,0,0
2024B,AA2115,26.077469,-80.098381,Broward-Miami,Forereef,Contiguous Reef Other,Shedd Aquarium,4,9/10/24,26,0,0,0,0
2024B,AA2116,26.077074,-80.107384,Broward-Miami,Forereef,Contiguous Reef Other,Shedd Aquarium,1,9/9/24,17,0,0,0,0
2024B,AA2116,26.077074,-80.107384,Broward-Miami,Forereef,Contiguous Reef Other,Shedd Aquarium,2,9/9/24,18,0,0,0,1
2024B,AA2116,26.077074,-80.107384,Broward-Miami,Forereef,Contiguous Reef Other,Shedd Aquarium,3,9/9/24,17,0,0,0,1
2024B,AA2116,26.077074,-80.107384,Broward-Miami,Forereef,Contiguous Reef Other,Shedd Aquarium,4,9/9/24,18,0,0,0,0
2024B,AA2120,26.069349,-80.099442,Broward-Miami,Forereef,Contiguous Reef Other,Shedd Aquarium,1,9/10/24,29,0,0,0,1
2024B,AA2120,26.069349,-80.099442,Broward-Miami,Forereef,Contiguous Reef Other,Shedd Aquarium,2,9/10/24,29,0,0,0,3
2024B,AA2120,26.069349,-80.099442,Broward-Miami,Forereef,Contiguous Reef Other,Shedd Aquarium,3,9/10/24,29,0,0,0,0
2024B,AA2120,26.069349,-80.099442,Broward-Miami,Forereef,Contiguous Reef Other,Shedd Aquarium,4,9/10/24,29,0,0,0,0
2024B,AA3068,26.0954,-80.1012,Broward-Miami,Forereef,Reef Rubble,Shedd Aquarium,1,9/11/24,16,0,0,0,0
2024B,AA3068,26.0954,-80.1012,Broward-Miami,Forereef,Reef Rubble,Shedd Aquarium,2,9/11/24,17,0,0,0,0
2024B,AA3068,26.0954,-80.1012,Broward-Miami,Forereef,Reef Rubble,Shedd Aquarium,3,9/11/24,19,0,0,0,0
2024B,AA3068,26.0954,-80.1012,Broward-Miami,Forereef,Reef Rubble,Shedd Aquarium,4,9/11/24,19,0,0,0,0
2024B,AA3069,26.0981,-80.1011,Broward-Miami,Forereef,Contiguous Reef Other,Shedd Aquarium,1,9/11/24,13,0,0,0,0
2024B,AA3069,26.0981,-80.1011,Broward-Miami,Forereef,Contiguous Reef Other,Shedd Aquarium,2,9/11/24,14,0,0,0,0
2024B,AA3069,26.0981,-80.1011,Broward-Miami,Forereef,Contiguous Reef Other,Shedd Aquarium,3,9/11/24,15,0,0,0,0
2024B,AA3069,26.0981,-80.1011,Broward-Miami,Forereef,Contiguous Reef Other,Shedd Aquarium,4,9/11/24,15,0,0,0,0
2024B,AA3070,26.0982,-80.0988,Broward-Miami,Forereef,Reef Rubble,Shedd Aquarium,1,9/11/24,19,0,0,0,3
2024B,AA3070,26.0982,-80.0988,Broward-Miami,Forereef,Reef Rubble,Shedd Aquarium,2,9/11/24,20,0,0,0,0
2024B,AA3070,26.0982,-80.0988,Broward-Miami,Forereef,Reef Rubble,Shedd Aquarium,3,9/11/24,22,0,2,0,1
2024B,AA3070,26.0982,-80.0988,Broward-Miami,Forereef,Reef Rubble,Shedd Aquarium,4,9/11/24,22,0,0,0,0
2024B,AA3071,26.0954,-80.0957,Broward-Miami,Forereef,Contiguous Reef Other,Shedd Aquarium,1,9/11/24,25,0,0,0,1
2024B,AA3071,26.0954,-80.0957,Broward-Miami,Forereef,Contiguous Reef Other,Shedd Aquarium,2,9/11/24,27,0,0,0,3
2024B,AA3071,26.0954,-80.0957,Broward-Miami,Forereef,Contiguous Reef Other,Shedd Aquarium,3,9/11/24,24,0,0,0,2
2024B,AA3071,26.0954,-80.0957,Broward-Miami,Forereef,Contiguous Reef Other,Shedd Aquarium,4,9/11/24,24,0,0,2,2
2024B,AA3074,26.0963,-80.0949,Broward-Miami,Forereef,Contiguous Reef Other,Shedd Aquarium,1,9/10/24,27,0,0,0,0
2024B,AA3074,26.0963,-80.0949,Broward-Miami,Forereef,Contiguous Reef Other,Shedd Aquarium,2,9/10/24,33,0,0,0,0
2024B,AA3074,26.0963,-80.0949,Broward-Miami,Forereef,Contiguous Reef Other,Shedd Aquarium,3,9/10/24,27,0,0,0,0
2024B,AA3074,26.0963,-80.0949,Broward-Miami,Forereef,Contiguous Reef Other,Shedd Aquarium,4,9/10/24,27,0,0,0,0
2024B,AA3075,26.0982,-80.0939,Broward-Miami,Forereef,Contiguous Reef Other,Shedd Aquarium,1,9/11/24,37,0,0,0,1
2024B,AA3075,26.0982,-80.0939,Broward-Miami,Forereef,Contiguous Reef Other,Shedd Aquarium,2,9/11/24,34,0,0,0,0
2024B,AA3075,26.0982,-80.0939,Broward-Miami,Forereef,Contiguous Reef Other,Shedd Aquarium,3,9/11/24,30,0,0,0,0
2024B,AA3075,26.0982,-80.0939,Broward-Miami,Forereef,Contiguous Reef Other,Shedd Aquarium,4,9/11/24,31,0,0,0,0
2024B,AA3077,26.0911,-80.1032,Broward-Miami,Forereef,Contiguous Reef Other,Shedd Aquarium,1,9/9/24,14,0,0,0,0
2024B,AA3077,26.0911,-80.1032,Broward-Miami,Forereef,Contiguous Reef Other,Shedd Aquarium,2,9/9/24,12,0,0,0,0
2024B,AA3077,26.0911,-80.1032,Broward-Miami,Forereef,Contiguous Reef Other,Shedd Aquarium,3,9/9/24,12,0,0,0,0
2024B,AA3077,26.0911,-80.1032,Broward-Miami,Forereef,Contiguous Reef Other,Shedd Aquarium,4,9/9/24,13,0,0,0,0
2024B,AA3080,26.0922,-80.1001,Broward-Miami,Forereef,Contiguous Reef Other,Shedd Aquarium,1,9/10/24,23,0,0,0,0
2024B,AA3080,26.0922,-80.1001,Broward-Miami,Forereef,Contiguous Reef Other,Shedd Aquarium,2,9/10/24,23,2,0,0,0
2024B,AA3080,26.0922,-80.1001,Broward-Miami,Forereef,Contiguous Reef Other,Shedd Aquarium,3,9/10/24,23,0,0,0,0
2024B,AA3080,26.0922,-80.1001,Broward-Miami,Forereef,Contiguous Reef Other,Shedd Aquarium,4,9/10/24,23,4,0,0,1
2024B,AA3081,26.0902,-80.1001,Broward-Miami,Forereef,Contiguous Reef Other,Shedd Aquarium,1,9/10/24,23,0,0,0,0
2024B,AA3081,26.0902,-80.1001,Broward-Miami,Forereef,Contiguous Reef Other,Shedd Aquarium,2,9/10/24,33,0,0,0,0
2024B,AA3081,26.0902,-80.1001,Broward-Miami,Forereef,Contiguous Reef Other,Shedd Aquarium,3,9/10/24,23,0,0,0,0
2024B,AA3081,26.0902,-80.1001,Broward-Miami,Forereef,Contiguous Reef Other,Shedd Aquarium,4,9/10/24,23,0,0,0,0
2024B,AA3082,26.092,-80.0962,Broward-Miami,Forereef,Contiguous Reef Other,Shedd Aquarium,1,9/12/24,27,0,0,0,1
2024B,AA3082,26.092,-80.0962,Broward-Miami,Forereef,Contiguous Reef Other,Shedd Aquarium,2,9/12/24,25,0,1,0,4
2024B,AA3082,26.092,-80.0962,Broward-Miami,Forereef,Contiguous Reef Other,Shedd Aquarium,3,9/12/24,25,0,0,0,4
2024B,AA3082,26.092,-80.0962,Broward-Miami,Forereef,Contiguous Reef Other,Shedd Aquarium,4,9/12/24,25,0,0,2,4
2024B,AA3083,26.0911,-80.0964,Broward-Miami,Forereef,Contiguous Reef Other,Shedd Aquarium,1,9/12/24,23,0,0,0,3
2024B,AA3083,26.0911,-80.0964,Broward-Miami,Forereef,Contiguous Reef Other,Shedd Aquarium,2,9/12/24,23,0,0,0,5
2024B,AA3083,26.0911,-80.0964,Broward-Miami,Forereef,Contiguous Reef Other,Shedd Aquarium,3,9/12/24,25,0,0,0,0
2024B,AA3083,26.0911,-80.0964,Broward-Miami,Forereef,Contiguous Reef Other,Shedd Aquarium,4,9/12/24,25,0,0,0,3
2024B,AA3084,26.0902,-80.0966,Broward-Miami,Forereef,Contiguous Reef Other,Shedd Aquarium,1,9/12/24,23,0,0,0,5
2024B,AA3084,26.0902,-80.0966,Broward-Miami,Forereef,Contiguous Reef Other,Shedd Aquarium,2,9/12/24,24,0,0,0,1
2024B,AA3084,26.0902,-80.0966,Broward-Miami,Forereef,Contiguous Reef Other,Shedd Aquarium,3,9/12/24,23,3,0,0,0
2024B,AA3084,26.0902,-80.0966,Broward-Miami,Forereef,Contiguous Reef Other,Shedd Aquarium,4,9/12/24,24,0,0,0,0
2024B,AA3085,26.0919,-80.0937,Broward-Miami,Forereef,Contiguous Reef Other,Shedd Aquarium,1,9/12/24,39,0,0,0,2
2024B,AA3085,26.0919,-80.0937,Broward-Miami,Forereef,Contiguous Reef Other,Shedd Aquarium,2,9/12/24,41,0,0,0,2
2024B,AA3085,26.0919,-80.0937,Broward-Miami,Forereef,Contiguous Reef Other,Shedd Aquarium,3,9/12/24,39,0,0,0,3
2024B,AA3085,26.0919,-80.0937,Broward-Miami,Forereef,Contiguous Reef Other,Shedd Aquarium,4,9/12/24,39,0,0,0,0
2024B,AA3086,26.0911,-80.094,Broward-Miami,Forereef,Contiguous Reef Other,Shedd Aquarium,1,9/12/24,35,0,0,0,0
2024B,AA3086,26.0911,-80.094,Broward-Miami,Forereef,Contiguous Reef Other,Shedd Aquarium,2,9/12/24,35,0,0,0,3
2024B,AA3086,26.0911,-80.094,Broward-Miami,Forereef,Contiguous Reef Other,Shedd Aquarium,3,9/12/24,35,0,0,0,0
2024B,AA3086,26.0911,-80.094,Broward-Miami,Forereef,Contiguous Reef Other,Shedd Aquarium,4,9/12/24,35,0,0,0,0
2024B,AA3087,26.0902,-80.0941,Broward-Miami,Forereef,Contiguous Reef Other,Shedd Aquarium,1,9/12/24,35,0,0,0,1
2024B,AA3087,26.0902,-80.0941,Broward-Miami,Forereef,Contiguous Reef Other,Shedd Aquarium,2,9/12/24,39,0,0,0,1
2024B,AA3087,26.0902,-80.0941,Broward-Miami,Forereef,Contiguous Reef Other,Shedd Aquarium,3,9/12/24,39,0,0,0,0
2024B,AA3087,26.0902,-80.0941,Broward-Miami,Forereef,Contiguous Reef Other,Shedd Aquarium,4,9/12/24,39,0,0,0,0
2024B,AA3088,26.0957,-80.0915,Broward-Miami,Forereef,Contiguous Reef Other,Shedd Aquarium,1,9/10/24,37,0,0,0,1
2024B,AA3088,26.0957,-80.0915,Broward-Miami,Forereef,Contiguous Reef Other,Shedd Aquarium,2,9/10/24,39,0,0,0,3
2024B,AA3088,26.0957,-80.0915,Broward-Miami,Forereef,Contiguous Reef Other,Shedd Aquarium,3,9/10/24,37,0,0,0,3
2024B,AA3088,26.0957,-80.0915,Broward-Miami,Forereef,Contiguous Reef Other,Shedd Aquarium,4,9/10/24,37,0,0,0,1
2024B,AA3089,26.0966,-80.0913,Broward-Miami,Forereef,Contiguous Reef Spur and Groove,Shedd Aquarium,1,9/10/24,38,0,0,0,3
2024B,AA3089,26.0966,-80.0913,Broward-Miami,Forereef,Contiguous Reef Spur and Groove,Shedd Aquarium,2,9/10/24,38,0,0,0,1
2024B,AA3089,26.0966,-80.0913,Broward-Miami,Forereef,Contiguous Reef Spur and Groove,Shedd Aquarium,3,9/10/24,38,0,1,0,1
2024B,AA3089,26.0966,-80.0913,Broward-Miami,Forereef,Contiguous Reef Spur and Groove,Shedd Aquarium,4,9/10/24,38,0,0,0,1
2024B,AA3090,26.0985,-80.091,Broward-Miami,Forereef,Contiguous Reef Other,Shedd Aquarium,1,9/10/24,40,0,0,0,1
2024B,AA3090,26.0985,-80.091,Broward-Miami,Forereef,Contiguous Reef Other,Shedd Aquarium,2,9/10/24,42,0,0,0,0
2024B,AA3090,26.0985,-80.091,Broward-Miami,Forereef,Contiguous Reef Other,Shedd Aquarium,3,9/10/24,42,0,0,0,4
2024B,AA3090,26.0985,-80.091,Broward-Miami,Forereef,Contiguous Reef Other,Shedd Aquarium,4,9/10/24,40,0,0,2,4
2024B,AA3091,26.0968,-80.0885,Broward-Miami,Forereef,Contiguous Reef Other,Shedd Aquarium,1,9/10/24,63,0,0,0,0
2024B,AA3091,26.0968,-80.0885,Broward-Miami,Forereef,Contiguous Reef Other,Shedd Aquarium,2,9/10/24,65,0,0,0,0
2024B,AA3091,26.0968,-80.0885,Broward-Miami,Forereef,Contiguous Reef Other,Shedd Aquarium,3,9/10/24,65,0,0,0,0
2024B,AA3091,26.0968,-80.0885,Broward-Miami,Forereef,Contiguous Reef Other,Shedd Aquarium,4,9/10/24,65,0,0,0,0
2024B,AA3092,26.0918,-80.0915,Broward-Miami,Forereef,Contiguous Reef Other,Shedd Aquarium,1,9/12/24,43,0,0,0,5
2024B,AA3092,26.0918,-80.0915,Broward-Miami,Forereef,Contiguous Reef Other,Shedd Aquarium,2,9/12/24,44,0,0,0,1
2024B,AA3092,26.0918,-80.0915,Broward-Miami,Forereef,Contiguous Reef Other,Shedd Aquarium,3,9/12/24,43,0,0,0,2
2024B,AA3092,26.0918,-80.0915,Broward-Miami,Forereef,Contiguous Reef Other,Shedd Aquarium,4,9/12/24,43,0,0,0,2
2024B,AA3093,26.0909,-80.0915,Broward-Miami,Forereef,Contiguous Reef Other,Shedd Aquarium,1,9/12/24,42,0,0,0,0
2024B,AA3093,26.0909,-80.0915,Broward-Miami,Forereef,Contiguous Reef Other,Shedd Aquarium,2,9/12/24,45,0,0,0,0
2024B,AA3093,26.0909,-80.0915,Broward-Miami,Forereef,Contiguous Reef Other,Shedd Aquarium,3,9/12/24,42,0,0,0,1
2024B,AA3093,26.0909,-80.0915,Broward-Miami,Forereef,Contiguous Reef Other,Shedd Aquarium,4,9/12/24,42,0,0,0,0
2024B,AA3094,26.099233,-80.10165,Broward-Miami,Forereef,Contiguous Reef Other,Shedd Aquarium,1,9/11/24,15,0,0,0,0
2024B,AA3094,26.099233,-80.10165,Broward-Miami,Forereef,Contiguous Reef Other,Shedd Aquarium,2,9/11/24,15,0,0,0,0
2024B,AA3094,26.099233,-80.10165,Broward-Miami,Forereef,Contiguous Reef Other,Shedd Aquarium,3,9/11/24,15,0,0,0,0
2024B,AA3094,26.099233,-80.10165,Broward-Miami,Forereef,Contiguous Reef Other,Shedd Aquarium,4,9/11/24,15,0,0,0,0
2024B,AA3096,26.086131,-80.102996,Broward-Miami,Forereef,Reef Rubble,Shedd Aquarium,1,9/9/24,13,0,0,0,0
2024B,AA3096,26.086131,-80.102996,Broward-Miami,Forereef,Reef Rubble,Shedd Aquarium,2,9/9/24,14,0,0,0,0
2024B,AA3096,26.086131,-80.102996,Broward-Miami,Forereef,Reef Rubble,Shedd Aquarium,3,9/9/24,12,0,0,0,0
2024B,AA3096,26.086131,-80.102996,Broward-Miami,Forereef,Reef Rubble,Shedd Aquarium,4,9/9/24,12,0,0,0,0
2024B,AA3110,26.0985,-80.0959,Broward-Miami,Forereef,Reef Rubble,Shedd Aquarium,1,9/11/24,30,0,0,0,1
2024B,AA3110,26.0985,-80.0959,Broward-Miami,Forereef,Reef Rubble,Shedd Aquarium,2,9/11/24,31,0,0,0,2
2024B,AA3110,26.0985,-80.0959,Broward-Miami,Forereef,Reef Rubble,Shedd Aquarium,3,9/11/24,32,0,0,0,1
2024B,AA3110,26.0985,-80.0959,Broward-Miami,Forereef,Reef Rubble,Shedd Aquarium,4,9/11/24,31,0,0,0,4